date, value
1/4/1999,1.1825
1/5/1999,1.1774
1/6/1999,1.1622
1/7/1999,1.1706
1/8/1999,1.1577
1/11/1999,1.1498
1/12/1999,1.1564
1/13/1999,1.1663
1/14/1999,1.17
1/15/1999,1.1553
1/19/1999,1.1605
1/20/1999,1.1557
1/21/1999,1.1591
1/22/1999,1.1585
1/25/1999,1.1549
1/26/1999,1.156
1/27/1999,1.1423
1/28/1999,1.1412
1/29/1999,1.1357
2/1/1999,1.1298
2/2/1999,1.1339
2/3/1999,1.13
2/4/1999,1.1328
2/5/1999,1.1259
2/8/1999,1.1324
2/9/1999,1.1303
2/10/1999,1.1326
2/11/1999,1.1233
2/12/1999,1.1275
2/16/1999,1.1205
2/17/1999,1.1245
2/18/1999,1.12
2/19/1999,1.1076
2/22/1999,1.103
2/23/1999,1.101
2/24/1999,1.1
2/25/1999,1.104
2/26/1999,1.1026
3/1/1999,1.0885
3/2/1999,1.0933
3/3/1999,1.0889
3/4/1999,1.0807
3/5/1999,1.0825
3/8/1999,1.0883
3/9/1999,1.0885
3/10/1999,1.0946
3/11/1999,1.103
3/12/1999,1.0907
3/15/1999,1.0933
3/16/1999,1.0996
3/17/1999,1.0994
3/18/1999,1.0966
3/19/1999,1.0893
3/22/1999,1.0911
3/23/1999,1.0911
3/24/1999,1.0888
3/25/1999,1.0841
3/26/1999,1.0765
3/29/1999,1.073
3/30/1999,1.0713
3/31/1999,1.0766
4/1/1999,1.078
4/5/1999,1.0713
4/6/1999,1.0835
4/7/1999,1.0773
4/8/1999,1.0743
4/9/1999,1.0791
4/12/1999,1.0813
4/13/1999,1.0769
4/14/1999,1.08
4/15/1999,1.0703
4/16/1999,1.07
4/19/1999,1.0658
4/20/1999,1.0631
4/21/1999,1.061
4/22/1999,1.0642
4/23/1999,1.0613
4/26/1999,1.0585
4/27/1999,1.0664
4/28/1999,1.0633
4/29/1999,1.0587
4/30/1999,1.058
5/3/1999,1.0571
5/4/1999,1.0623
5/5/1999,1.0755
5/6/1999,1.0799
5/7/1999,1.0756
5/10/1999,1.0785
5/11/1999,1.0714
5/12/1999,1.065
5/13/1999,1.0661
5/14/1999,1.0661
5/17/1999,1.0669
5/18/1999,1.0672
5/19/1999,1.0661
5/20/1999,1.0623
5/21/1999,1.0575
5/24/1999,1.0594
5/25/1999,1.0603
5/26/1999,1.044
5/27/1999,1.0432
5/28/1999,1.041
6/1/1999,1.0452
6/2/1999,1.0355
6/3/1999,1.0324
6/4/1999,1.0372
6/7/1999,1.0288
6/8/1999,1.046
6/9/1999,1.047
6/10/1999,1.0479
6/11/1999,1.0535
6/14/1999,1.0421
6/15/1999,1.0426
6/16/1999,1.0298
6/17/1999,1.0335
6/18/1999,1.0388
6/21/1999,1.0348
6/22/1999,1.0323
6/23/1999,1.033
6/24/1999,1.0421
6/25/1999,1.043
6/28/1999,1.0349
6/29/1999,1.0328
6/30/1999,1.0338
7/1/1999,1.0233
7/2/1999,1.0255
7/6/1999,1.0236
7/7/1999,1.0215
7/8/1999,1.0217
7/9/1999,1.0176
7/12/1999,1.0145
7/13/1999,1.0165
7/14/1999,1.0204
7/15/1999,1.0191
7/16/1999,1.0196
7/19/1999,1.0295
7/20/1999,1.0408
7/21/1999,1.0537
7/22/1999,1.0514
7/23/1999,1.0495
7/26/1999,1.065
7/27/1999,1.0621
7/28/1999,1.0665
7/29/1999,1.0724
7/30/1999,1.0697
8/2/1999,1.0693
8/3/1999,1.0682
8/4/1999,1.0772
8/5/1999,1.0754
8/6/1999,1.0745
8/9/1999,1.0715
8/10/1999,1.0707
8/11/1999,1.0652
8/12/1999,1.0668
8/13/1999,1.0568
8/16/1999,1.058
8/17/1999,1.0512
8/18/1999,1.0519
8/19/1999,1.0638
8/20/1999,1.0665
8/23/1999,1.0493
8/24/1999,1.0531
8/25/1999,1.0416
8/26/1999,1.0435
8/27/1999,1.0457
8/30/1999,1.0466
8/31/1999,1.0573
9/1/1999,1.0586
9/2/1999,1.0679
9/3/1999,1.0613
9/7/1999,1.0586
9/8/1999,1.0592
9/9/1999,1.0541
9/10/1999,1.0363
9/13/1999,1.0417
9/14/1999,1.0352
9/15/1999,1.0392
9/16/1999,1.0378
9/17/1999,1.0408
9/20/1999,1.0352
9/21/1999,1.0488
9/22/1999,1.0436
9/23/1999,1.0485
9/24/1999,1.0442
9/27/1999,1.0469
9/28/1999,1.053
9/29/1999,1.0644
9/30/1999,1.0695
10/1/1999,1.0724
10/4/1999,1.0737
10/5/1999,1.0734
10/6/1999,1.0689
10/7/1999,1.0714
10/8/1999,1.063
10/11/1999,1.0643
10/12/1999,1.0759
10/13/1999,1.0802
10/14/1999,1.0785
10/15/1999,1.0887
10/18/1999,1.083
10/19/1999,1.0832
10/20/1999,1.0739
10/21/1999,1.0806
10/22/1999,1.0684
10/25/1999,1.0667
10/26/1999,1.0587
10/27/1999,1.0505
10/28/1999,1.0512
10/29/1999,1.0541
11/1/1999,1.0503
11/2/1999,1.0518
11/3/1999,1.0484
11/4/1999,1.0372
11/5/1999,1.0419
11/8/1999,1.0384
11/9/1999,1.0402
11/10/1999,1.0442
11/11/1999,1.0412
11/12/1999,1.0315
11/15/1999,1.033
11/16/1999,1.0309
11/17/1999,1.0407
11/18/1999,1.0294
11/19/1999,1.0304
11/22/1999,1.0315
11/23/1999,1.0279
11/24/1999,1.0188
11/26/1999,1.0162
11/29/1999,1.0095
11/30/1999,1.0089
12/1/1999,1.0081
12/2/1999,1.0012
12/3/1999,1.002
12/6/1999,1.0224
12/7/1999,1.0255
12/8/1999,1.0276
12/9/1999,1.0206
12/10/1999,1.0125
12/13/1999,1.0138
12/14/1999,1.0055
12/15/1999,1.0063
12/16/1999,1.0162
12/17/1999,1.0086
12/20/1999,1.0137
12/21/1999,1.0098
12/22/1999,1.0087
12/23/1999,1.0153
12/27/1999,1.0121
12/28/1999,1.0066
12/29/1999,1.004
12/30/1999,1.0066
12/31/1999,1.0088
1/3/2000,1.0088
1/4/2000,1.0301
1/5/2000,1.0315
1/6/2000,1.0315
1/7/2000,1.0296
1/10/2000,1.0254
1/11/2000,1.0331
1/12/2000,1.0308
1/13/2000,1.0252
1/14/2000,1.0142
1/18/2000,1.0135
1/19/2000,1.0125
1/20/2000,1.0175
1/21/2000,1.0085
1/24/2000,1.007
1/25/2000,1.0009
1/26/2000,1.0014
1/27/2000,0.9882
1/28/2000,0.9769
1/31/2000,0.9688
2/1/2000,0.9721
2/2/2000,0.9765
2/3/2000,0.99
2/4/2000,0.9821
2/7/2000,0.98
2/8/2000,0.986
2/9/2000,0.9927
2/10/2000,0.9851
2/11/2000,0.9866
2/14/2000,0.98
2/15/2000,0.981
2/16/2000,0.9865
2/17/2000,0.988
2/18/2000,0.9848
2/22/2000,1.0037
2/23/2000,1.0034
2/24/2000,0.9924
2/25/2000,0.9744
2/28/2000,0.9714
2/29/2000,0.9645
3/1/2000,0.9732
3/2/2000,0.9651
3/3/2000,0.9582
3/6/2000,0.9586
3/7/2000,0.9581
3/8/2000,0.9607
3/9/2000,0.9667
3/10/2000,0.9632
3/13/2000,0.9633
3/14/2000,0.9681
3/15/2000,0.9668
3/16/2000,0.969
3/17/2000,0.9718
3/20/2000,0.9729
3/21/2000,0.9608
3/22/2000,0.9606
3/23/2000,0.9715
3/24/2000,0.9753
3/27/2000,0.9671
3/28/2000,0.9594
3/29/2000,0.9512
3/30/2000,0.9615
3/31/2000,0.9554
4/3/2000,0.9555
4/4/2000,0.9592
4/5/2000,0.9623
4/6/2000,0.9583
4/7/2000,0.9545
4/10/2000,0.9623
4/11/2000,0.959
4/12/2000,0.9587
4/13/2000,0.9528
4/14/2000,0.962
4/17/2000,0.9523
4/18/2000,0.9453
4/19/2000,0.9401
4/20/2000,0.9383
4/24/2000,0.9378
4/25/2000,0.9203
4/26/2000,0.923
4/27/2000,0.9093
4/28/2000,0.9113
5/1/2000,0.9154
5/2/2000,0.9093
5/3/2000,0.8941
5/4/2000,0.8896
5/5/2000,0.8971
5/8/2000,0.8974
5/9/2000,0.9073
5/10/2000,0.9065
5/11/2000,0.9014
5/12/2000,0.918
5/15/2000,0.9112
5/16/2000,0.9003
5/17/2000,0.8948
5/18/2000,0.8945
5/19/2000,0.897
5/22/2000,0.9028
5/23/2000,0.9066
5/24/2000,0.9038
5/25/2000,0.9113
5/26/2000,0.9307
5/30/2000,0.9301
5/31/2000,0.9373
6/1/2000,0.9309
6/2/2000,0.9458
6/5/2000,0.9477
6/6/2000,0.9542
6/7/2000,0.9613
6/8/2000,0.9559
6/9/2000,0.953
6/12/2000,0.9532
6/13/2000,0.9594
6/14/2000,0.9577
6/15/2000,0.9544
6/16/2000,0.9645
6/19/2000,0.9564
6/20/2000,0.9545
6/21/2000,0.9443
6/22/2000,0.9354
6/23/2000,0.9351
6/26/2000,0.9365
6/27/2000,0.9452
6/28/2000,0.941
6/29/2000,0.9515
6/30/2000,0.9525
7/3/2000,0.95
7/5/2000,0.9527
7/6/2000,0.9507
7/7/2000,0.9481
7/10/2000,0.9549
7/11/2000,0.9524
7/12/2000,0.9423
7/13/2000,0.9371
7/14/2000,0.938
7/17/2000,0.9361
7/18/2000,0.9251
7/19/2000,0.9244
7/20/2000,0.933
7/21/2000,0.9369
7/24/2000,0.9332
7/25/2000,0.9382
7/26/2000,0.9429
7/27/2000,0.9314
7/28/2000,0.9231
7/31/2000,0.926
8/1/2000,0.9141
8/2/2000,0.9135
8/3/2000,0.9065
8/4/2000,0.9079
8/7/2000,0.9069
8/8/2000,0.902
8/9/2000,0.9006
8/10/2000,0.9083
8/11/2000,0.9034
8/14/2000,0.9056
8/15/2000,0.913
8/16/2000,0.9158
8/17/2000,0.9162
8/18/2000,0.9063
8/21/2000,0.9016
8/22/2000,0.8963
8/23/2000,0.9016
8/24/2000,0.9024
8/25/2000,0.902
8/28/2000,0.8997
8/29/2000,0.8921
8/30/2000,0.8938
8/31/2000,0.8877
9/1/2000,0.8996
9/5/2000,0.8895
9/6/2000,0.8701
9/7/2000,0.8712
9/8/2000,0.8666
9/11/2000,0.8574
9/12/2000,0.8637
9/13/2000,0.8592
9/14/2000,0.8643
9/15/2000,0.8538
9/18/2000,0.8534
9/19/2000,0.8505
9/20/2000,0.8488
9/21/2000,0.8595
9/22/2000,0.8764
9/25/2000,0.8743
9/26/2000,0.883
9/27/2000,0.8831
9/28/2000,0.8785
9/29/2000,0.8831
10/2/2000,0.8765
10/3/2000,0.8755
10/4/2000,0.8748
10/5/2000,0.869
10/6/2000,0.8683
10/9/2000,0.8683
10/10/2000,0.8717
10/11/2000,0.8682
10/12/2000,0.863
10/13/2000,0.855
10/16/2000,0.8495
10/17/2000,0.854
10/18/2000,0.8389
10/19/2000,0.8432
10/20/2000,0.8414
10/23/2000,0.8357
10/24/2000,0.8355
10/25/2000,0.8271
10/26/2000,0.8295
10/27/2000,0.8389
10/30/2000,0.8405
10/31/2000,0.8485
11/1/2000,0.8613
11/2/2000,0.858
11/3/2000,0.8668
11/6/2000,0.8619
11/7/2000,0.8603
11/8/2000,0.8552
11/9/2000,0.8672
11/10/2000,0.8596
11/13/2000,0.8568
11/14/2000,0.8582
11/15/2000,0.8576
11/16/2000,0.8533
11/17/2000,0.8481
11/20/2000,0.8508
11/21/2000,0.8432
11/22/2000,0.8448
11/24/2000,0.8383
11/27/2000,0.8523
11/28/2000,0.8561
11/29/2000,0.8569
11/30/2000,0.8726
12/1/2000,0.8793
12/4/2000,0.887
12/5/2000,0.8797
12/6/2000,0.8921
12/7/2000,0.8899
12/8/2000,0.8879
12/11/2000,0.8775
12/12/2000,0.8794
12/13/2000,0.8767
12/14/2000,0.8921
12/15/2000,0.8943
12/18/2000,0.8948
12/19/2000,0.8952
12/20/2000,0.9094
12/21/2000,0.9166
12/22/2000,0.9231
12/26/2000,0.9307
12/27/2000,0.9304
12/28/2000,0.9295
12/29/2000,0.9422
1/2/2001,0.951
1/3/2001,0.927
1/4/2001,0.9494
1/5/2001,0.9573
1/8/2001,0.9469
1/9/2001,0.9438
1/10/2001,0.9363
1/11/2001,0.9523
1/12/2001,0.9515
1/16/2001,0.942
1/17/2001,0.9356
1/18/2001,0.9429
1/19/2001,0.9338
1/22/2001,0.9384
1/23/2001,0.9364
1/24/2001,0.9215
1/25/2001,0.9239
1/26/2001,0.9238
1/29/2001,0.9165
1/30/2001,0.9263
1/31/2001,0.9368
2/1/2001,0.938
2/2/2001,0.9358
2/5/2001,0.9373
2/6/2001,0.9311
2/7/2001,0.9283
2/8/2001,0.9178
2/9/2001,0.9244
2/12/2001,0.9316
2/13/2001,0.9195
2/14/2001,0.9176
2/15/2001,0.9047
2/16/2001,0.9141
2/20/2001,0.9121
2/21/2001,0.9087
2/22/2001,0.9048
2/23/2001,0.9173
2/26/2001,0.9104
2/27/2001,0.9186
2/28/2001,0.9232
3/1/2001,0.9298
3/2/2001,0.9354
3/5/2001,0.9284
3/6/2001,0.934
3/7/2001,0.9294
3/8/2001,0.9324
3/9/2001,0.933
3/12/2001,0.9279
3/13/2001,0.9149
3/14/2001,0.9116
3/15/2001,0.8965
3/16/2001,0.8972
3/19/2001,0.899
3/20/2001,0.9093
3/21/2001,0.8956
3/22/2001,0.8886
3/23/2001,0.8901
3/26/2001,0.896
3/27/2001,0.893
3/28/2001,0.886
3/29/2001,0.883
3/30/2001,0.8759
4/2/2001,0.8794
4/3/2001,0.8976
4/4/2001,0.901
4/5/2001,0.8961
4/6/2001,0.9042
4/9/2001,0.8968
4/10/2001,0.8888
4/11/2001,0.888
4/12/2001,0.8915
4/16/2001,0.888
4/17/2001,0.8834
4/18/2001,0.8824
4/19/2001,0.898
4/20/2001,0.9018
4/23/2001,0.8976
4/24/2001,0.8939
4/25/2001,0.8968
4/26/2001,0.9029
4/27/2001,0.8918
4/30/2001,0.8868
5/1/2001,0.8933
5/2/2001,0.8939
5/3/2001,0.8896
5/4/2001,0.8924
5/7/2001,0.8905
5/8/2001,0.8846
5/9/2001,0.8853
5/10/2001,0.8813
5/11/2001,0.8752
5/14/2001,0.8742
5/15/2001,0.8785
5/16/2001,0.8833
5/17/2001,0.8828
5/18/2001,0.8804
5/21/2001,0.8772
5/22/2001,0.8647
5/23/2001,0.8568
5/24/2001,0.856
5/25/2001,0.8604
5/29/2001,0.8552
5/30/2001,0.8568
5/31/2001,0.8458
6/1/2001,0.846
6/4/2001,0.8462
6/5/2001,0.8542
6/6/2001,0.8482
6/7/2001,0.8502
6/8/2001,0.8504
6/11/2001,0.843
6/12/2001,0.8536
6/13/2001,0.8545
6/14/2001,0.8625
6/15/2001,0.861
6/18/2001,0.8612
6/19/2001,0.8535
6/20/2001,0.8547
6/21/2001,0.8548
6/22/2001,0.8571
6/25/2001,0.8591
6/26/2001,0.8631
6/27/2001,0.8593
6/28/2001,0.8439
6/29/2001,0.8493
7/2/2001,0.8471
7/3/2001,0.8477
7/5/2001,0.8369
7/6/2001,0.8469
7/9/2001,0.8512
7/10/2001,0.855
7/11/2001,0.8598
7/12/2001,0.8536
7/13/2001,0.8547
7/16/2001,0.8529
7/17/2001,0.8588
7/18/2001,0.8731
7/19/2001,0.8704
7/20/2001,0.8714
7/23/2001,0.8685
7/24/2001,0.8746
7/25/2001,0.8803
7/26/2001,0.878
7/27/2001,0.8777
7/30/2001,0.8742
7/31/2001,0.8756
8/1/2001,0.881
8/2/2001,0.8834
8/3/2001,0.8839
8/6/2001,0.8816
8/7/2001,0.8774
8/8/2001,0.8802
8/9/2001,0.8921
8/10/2001,0.893
8/13/2001,0.8959
8/14/2001,0.9029
8/15/2001,0.9148
8/16/2001,0.9119
8/17/2001,0.918
8/20/2001,0.9143
8/21/2001,0.9176
8/22/2001,0.9148
8/23/2001,0.9151
8/24/2001,0.9137
8/27/2001,0.9112
8/28/2001,0.9122
8/29/2001,0.909
8/30/2001,0.9161
8/31/2001,0.9125
9/4/2001,0.888
9/5/2001,0.885
9/6/2001,0.8964
9/7/2001,0.9071
9/10/2001,0.8977
9/11/2001,0.9146
9/12/2001,0.9069
9/13/2001,0.9113
9/14/2001,0.921
9/17/2001,0.9235
9/18/2001,0.9273
9/19/2001,0.9275
9/20/2001,0.9273
9/21/2001,0.9147
9/24/2001,0.9167
9/25/2001,0.9223
9/26/2001,0.923
9/27/2001,0.9178
9/28/2001,0.9112
10/1/2001,0.9171
10/2/2001,0.9188
10/3/2001,0.9143
10/4/2001,0.9181
10/5/2001,0.9181
10/8/2001,0.921
10/9/2001,0.9125
10/10/2001,0.9102
10/11/2001,0.9021
10/12/2001,0.911
10/15/2001,0.9086
10/16/2001,0.9082
10/17/2001,0.9035
10/18/2001,0.9039
10/19/2001,0.8987
10/22/2001,0.8919
10/23/2001,0.8903
10/24/2001,0.8936
10/25/2001,0.8923
10/26/2001,0.893
10/29/2001,0.9045
10/30/2001,0.9045
10/31/2001,0.8996
11/1/2001,0.9017
11/2/2001,0.9029
11/5/2001,0.8978
11/6/2001,0.8943
11/7/2001,0.8983
11/8/2001,0.8923
11/9/2001,0.8941
11/12/2001,0.8939
11/13/2001,0.8802
11/14/2001,0.8824
11/15/2001,0.8817
11/16/2001,0.8842
11/19/2001,0.8784
11/20/2001,0.8833
11/21/2001,0.8783
11/23/2001,0.8775
11/26/2001,0.88
11/27/2001,0.8831
11/28/2001,0.8877
11/29/2001,0.8872
11/30/2001,0.8964
12/3/2001,0.8913
12/4/2001,0.8901
12/5/2001,0.8883
12/6/2001,0.8948
12/7/2001,0.8897
12/10/2001,0.8906
12/11/2001,0.8927
12/12/2001,0.8983
12/13/2001,0.893
12/14/2001,0.9031
12/17/2001,0.9019
12/18/2001,0.9033
12/19/2001,0.9007
12/20/2001,0.8997
12/21/2001,0.8886
12/24/2001,0.8772
12/26/2001,0.8802
12/27/2001,0.8829
12/28/2001,0.8851
12/31/2001,0.8898
1/2/2002,0.9033
1/3/2002,0.8981
1/4/2002,0.8943
1/7/2002,0.8934
1/8/2002,0.893
1/9/2002,0.891
1/10/2002,0.8911
1/11/2002,0.8922
1/14/2002,0.8944
1/15/2002,0.8823
1/16/2002,0.8821
1/17/2002,0.8811
1/18/2002,0.8842
1/22/2002,0.8861
1/23/2002,0.8782
1/24/2002,0.8777
1/25/2002,0.8659
1/28/2002,0.8619
1/29/2002,0.8654
1/30/2002,0.8611
1/31/2002,0.8582
2/1/2002,0.8617
2/4/2002,0.8702
2/5/2002,0.8666
2/6/2002,0.8676
2/7/2002,0.8703
2/8/2002,0.8728
2/11/2002,0.8765
2/12/2002,0.877
2/13/2002,0.8712
2/14/2002,0.8737
2/15/2002,0.8734
2/19/2002,0.8766
2/20/2002,0.8691
2/21/2002,0.8698
2/22/2002,0.8756
2/25/2002,0.8689
2/26/2002,0.8638
2/27/2002,0.8654
2/28/2002,0.8688
3/1/2002,0.8652
3/4/2002,0.8694
3/5/2002,0.8716
3/6/2002,0.8764
3/7/2002,0.8814
3/8/2002,0.8739
3/11/2002,0.875
3/12/2002,0.876
3/13/2002,0.8756
3/14/2002,0.8824
3/15/2002,0.8824
3/18/2002,0.8825
3/19/2002,0.8823
3/20/2002,0.8854
3/21/2002,0.8821
3/22/2002,0.8772
3/25/2002,0.8769
3/26/2002,0.8769
3/27/2002,0.8724
3/28/2002,0.8704
4/1/2002,0.8804
4/2/2002,0.879
4/3/2002,0.8808
4/4/2002,0.8781
4/5/2002,0.878
4/8/2002,0.8748
4/9/2002,0.8804
4/10/2002,0.8799
4/11/2002,0.8826
4/12/2002,0.8791
4/15/2002,0.8792
4/16/2002,0.8828
4/17/2002,0.8904
4/18/2002,0.891
4/19/2002,0.8918
4/22/2002,0.8892
4/23/2002,0.8885
4/24/2002,0.8928
4/25/2002,0.8975
4/26/2002,0.9019
4/29/2002,0.9034
4/30/2002,0.8999
5/1/2002,0.9056
5/2/2002,0.9031
5/3/2002,0.9171
5/6/2002,0.9178
5/7/2002,0.9152
5/8/2002,0.9038
5/9/2002,0.9092
5/10/2002,0.9138
5/13/2002,0.9111
5/14/2002,0.9024
5/15/2002,0.9124
5/16/2002,0.9116
5/17/2002,0.9204
5/20/2002,0.9207
5/21/2002,0.9196
5/22/2002,0.9255
5/23/2002,0.9211
5/24/2002,0.9208
5/28/2002,0.9283
5/29/2002,0.9354
5/30/2002,0.937
5/31/2002,0.9338
6/3/2002,0.9404
6/4/2002,0.9392
6/5/2002,0.939
6/6/2002,0.9475
6/7/2002,0.9433
6/10/2002,0.9442
6/11/2002,0.948
6/12/2002,0.9435
6/13/2002,0.9431
6/14/2002,0.9455
6/17/2002,0.944
6/18/2002,0.9515
6/19/2002,0.957
6/20/2002,0.9649
6/21/2002,0.9713
6/24/2002,0.9702
6/25/2002,0.9792
6/26/2002,0.9799
6/27/2002,0.9886
6/28/2002,0.9916
7/1/2002,0.9913
7/2/2002,0.9859
7/3/2002,0.9801
7/5/2002,0.9728
7/8/2002,0.9895
7/9/2002,0.9933
7/10/2002,0.9888
7/11/2002,0.9893
7/12/2002,0.9912
7/15/2002,1.0036
7/16/2002,1.012
7/17/2002,1.007
7/18/2002,1.0112
7/19/2002,1.0117
7/22/2002,1.0082
7/23/2002,0.9885
7/24/2002,0.9951
7/25/2002,1.0044
7/26/2002,0.9869
7/29/2002,0.9806
7/30/2002,0.9832
7/31/2002,0.9771
8/1/2002,0.9844
8/2/2002,0.9864
8/5/2002,0.9799
8/6/2002,0.9662
8/7/2002,0.9749
8/8/2002,0.967
8/9/2002,0.9701
8/12/2002,0.9787
8/13/2002,0.984
8/14/2002,0.9797
8/15/2002,0.982
8/16/2002,0.9847
8/19/2002,0.9762
8/20/2002,0.9788
8/21/2002,0.9804
8/22/2002,0.9688
8/23/2002,0.973
8/26/2002,0.9715
8/27/2002,0.9829
8/28/2002,0.9791
8/29/2002,0.9847
8/30/2002,0.9821
9/3/2002,0.9969
9/4/2002,0.9929
9/5/2002,0.9916
9/6/2002,0.9816
9/9/2002,0.9793
9/10/2002,0.9752
9/11/2002,0.976
9/12/2002,0.9818
9/13/2002,0.9716
9/16/2002,0.9691
9/17/2002,0.9743
9/18/2002,0.9777
9/19/2002,0.9862
9/20/2002,0.9819
9/23/2002,0.9781
9/24/2002,0.9811
9/25/2002,0.9762
9/26/2002,0.976
9/27/2002,0.9802
9/30/2002,0.9874
10/1/2002,0.9825
10/2/2002,0.9865
10/3/2002,0.9876
10/4/2002,0.979
10/7/2002,0.9832
10/8/2002,0.9786
10/9/2002,0.9893
10/10/2002,0.9862
10/11/2002,0.9872
10/14/2002,0.9869
10/15/2002,0.9815
10/16/2002,0.9816
10/17/2002,0.9705
10/18/2002,0.9717
10/21/2002,0.9731
10/22/2002,0.9775
10/23/2002,0.9763
10/24/2002,0.9779
10/25/2002,0.9758
10/28/2002,0.9845
10/29/2002,0.983
10/30/2002,0.9837
10/31/2002,0.99
11/1/2002,0.9961
11/4/2002,0.9979
11/5/2002,0.9998
11/6/2002,1.0032
11/7/2002,1.009
11/8/2002,1.0137
11/11/2002,1.0107
11/12/2002,1.0126
11/13/2002,1.0081
11/14/2002,1.0041
11/15/2002,1.0095
11/18/2002,1.0088
11/19/2002,1.0037
11/20/2002,1.0017
11/21/2002,1.0018
11/22/2002,0.9963
11/25/2002,0.992
11/26/2002,0.9931
11/27/2002,0.9903
11/29/2002,0.9949
12/2/2002,0.9971
12/3/2002,0.9964
12/4/2002,1.0008
12/5/2002,1.0004
12/6/2002,1.0095
12/9/2002,1.0102
12/10/2002,1.0077
12/11/2002,1.0084
12/12/2002,1.0184
12/13/2002,1.0235
12/16/2002,1.0225
12/17/2002,1.028
12/18/2002,1.027
12/19/2002,1.0272
12/20/2002,1.0268
12/23/2002,1.0262
12/24/2002,1.03
12/26/2002,1.0375
12/27/2002,1.044
12/30/2002,1.049
12/31/2002,1.0487
1/2/2003,1.0353
1/3/2003,1.0422
1/6/2003,1.046
1/7/2003,1.041
1/8/2003,1.0494
1/9/2003,1.0487
1/10/2003,1.058
1/13/2003,1.0538
1/14/2003,1.0552
1/15/2003,1.0562
1/16/2003,1.0616
1/17/2003,1.0668
1/21/2003,1.0727
1/22/2003,1.0727
1/23/2003,1.0739
1/24/2003,1.0831
1/27/2003,1.0849
1/28/2003,1.0823
1/29/2003,1.0841
1/30/2003,1.0818
1/31/2003,1.0766
2/3/2003,1.0782
2/4/2003,1.0889
2/5/2003,1.0778
2/6/2003,1.0825
2/7/2003,1.0818
2/10/2003,1.0726
2/11/2003,1.0735
2/12/2003,1.0708
2/13/2003,1.0828
2/14/2003,1.0789
2/18/2003,1.0687
2/19/2003,1.0744
2/20/2003,1.0823
2/21/2003,1.0772
2/24/2003,1.0798
2/25/2003,1.0763
2/26/2003,1.0783
2/27/2003,1.0738
2/28/2003,1.0804
3/3/2003,1.0893
3/4/2003,1.0886
3/5/2003,1.0962
3/6/2003,1.0971
3/7/2003,1.1009
3/10/2003,1.1057
3/11/2003,1.1037
3/12/2003,1.0991
3/13/2003,1.0769
3/14/2003,1.0747
3/17/2003,1.0621
3/18/2003,1.0634
3/19/2003,1.0562
3/20/2003,1.0609
3/21/2003,1.0522
3/24/2003,1.0638
3/25/2003,1.0655
3/26/2003,1.0692
3/27/2003,1.0694
3/28/2003,1.0777
3/31/2003,1.0915
4/1/2003,1.0913
4/2/2003,1.0768
4/3/2003,1.0759
4/4/2003,1.0735
4/7/2003,1.0693
4/8/2003,1.0706
4/9/2003,1.0769
4/10/2003,1.0786
4/11/2003,1.0754
4/14/2003,1.0771
4/15/2003,1.0796
4/16/2003,1.0912
4/17/2003,1.0875
4/21/2003,1.0867
4/22/2003,1.0967
4/23/2003,1.097
4/24/2003,1.1028
4/25/2003,1.1035
4/28/2003,1.0984
4/29/2003,1.1075
4/30/2003,1.1171
5/1/2003,1.1235
5/2/2003,1.1227
5/5/2003,1.1288
5/6/2003,1.1424
5/7/2003,1.1354
5/8/2003,1.1493
5/9/2003,1.1487
5/12/2003,1.1557
5/13/2003,1.1528
5/14/2003,1.1491
5/15/2003,1.1381
5/16/2003,1.1582
5/19/2003,1.1652
5/20/2003,1.1705
5/21/2003,1.1631
5/22/2003,1.1694
5/23/2003,1.1833
5/27/2003,1.1812
5/28/2003,1.1762
5/29/2003,1.1903
5/30/2003,1.1782
6/2/2003,1.1752
6/3/2003,1.173
6/4/2003,1.1637
6/5/2003,1.1832
6/6/2003,1.1693
6/9/2003,1.1708
6/10/2003,1.1669
6/11/2003,1.1752
6/12/2003,1.1767
6/13/2003,1.1853
6/16/2003,1.1823
6/17/2003,1.1779
6/18/2003,1.1688
6/19/2003,1.1717
6/20/2003,1.1603
6/23/2003,1.1554
6/24/2003,1.1503
6/25/2003,1.1531
6/26/2003,1.1416
6/27/2003,1.1422
6/30/2003,1.1504
7/1/2003,1.1559
7/2/2003,1.1536
7/3/2003,1.1491
7/7/2003,1.1311
7/8/2003,1.1313
7/9/2003,1.1345
7/10/2003,1.1374
7/11/2003,1.1294
7/14/2003,1.1269
7/15/2003,1.1169
7/16/2003,1.1211
7/17/2003,1.1201
7/18/2003,1.1266
7/21/2003,1.1343
7/22/2003,1.1325
7/23/2003,1.1484
7/24/2003,1.1471
7/25/2003,1.1507
7/28/2003,1.1488
7/29/2003,1.1437
7/30/2003,1.1347
7/31/2003,1.1229
8/1/2003,1.1271
8/4/2003,1.1359
8/5/2003,1.1385
8/6/2003,1.1329
8/7/2003,1.137
8/8/2003,1.1306
8/11/2003,1.1349
8/12/2003,1.1279
8/13/2003,1.1321
8/14/2003,1.1265
8/15/2003,1.1264
8/18/2003,1.1142
8/19/2003,1.1133
8/20/2003,1.1118
8/21/2003,1.092
8/22/2003,1.0879
8/25/2003,1.087
8/26/2003,1.0853
8/27/2003,1.0878
8/28/2003,1.0878
8/29/2003,1.0979
9/2/2003,1.0807
9/3/2003,1.0845
9/4/2003,1.0943
9/5/2003,1.1102
9/8/2003,1.1062
9/9/2003,1.1224
9/10/2003,1.1209
9/11/2003,1.1205
9/12/2003,1.1286
9/15/2003,1.1279
9/16/2003,1.1172
9/17/2003,1.1283
9/18/2003,1.1253
9/19/2003,1.1372
9/22/2003,1.1455
9/23/2003,1.1437
9/24/2003,1.1493
9/25/2003,1.1484
9/26/2003,1.146
9/29/2003,1.1595
9/30/2003,1.1651
10/1/2003,1.1715
10/2/2003,1.1691
10/3/2003,1.1576
10/6/2003,1.1705
10/7/2003,1.1756
10/8/2003,1.1807
10/9/2003,1.1745
10/10/2003,1.1793
10/13/2003,1.1702
10/14/2003,1.1722
10/15/2003,1.163
10/16/2003,1.1583
10/17/2003,1.1672
10/20/2003,1.1631
10/21/2003,1.1664
10/22/2003,1.1797
10/23/2003,1.1787
10/24/2003,1.1783
10/27/2003,1.1743
10/28/2003,1.1666
10/29/2003,1.1658
10/30/2003,1.1621
10/31/2003,1.1581
11/3/2003,1.1456
11/4/2003,1.1484
11/5/2003,1.1434
11/6/2003,1.1412
11/7/2003,1.1526
11/10/2003,1.1477
11/11/2003,1.1519
11/12/2003,1.163
11/13/2003,1.1732
11/14/2003,1.1775
11/17/2003,1.1747
11/18/2003,1.1968
11/19/2003,1.1874
11/20/2003,1.1909
11/21/2003,1.1913
11/24/2003,1.1768
11/25/2003,1.179
11/26/2003,1.1938
11/28/2003,1.1994
12/1/2003,1.1976
12/2/2003,1.2078
12/3/2003,1.2108
12/4/2003,1.208
12/5/2003,1.2164
12/8/2003,1.2218
12/9/2003,1.2249
12/10/2003,1.2215
12/11/2003,1.2221
12/12/2003,1.2276
12/15/2003,1.2319
12/16/2003,1.2324
12/17/2003,1.2408
12/18/2003,1.2422
12/19/2003,1.2371
12/22/2003,1.2395
12/23/2003,1.2393
12/24/2003,1.2446
12/26/2003,1.2425
12/29/2003,1.2491
12/30/2003,1.2549
12/31/2003,1.2594
1/2/2004,1.2581
1/5/2004,1.2677
1/6/2004,1.2723
1/7/2004,1.2629
1/8/2004,1.2764
1/9/2004,1.2815
1/12/2004,1.2746
1/13/2004,1.2772
1/14/2004,1.2647
1/15/2004,1.2577
1/16/2004,1.2393
1/20/2004,1.2579
1/21/2004,1.2641
1/22/2004,1.2717
1/23/2004,1.2579
1/26/2004,1.2457
1/27/2004,1.2641
1/28/2004,1.2467
1/29/2004,1.2406
1/30/2004,1.2475
2/2/2004,1.2423
2/3/2004,1.254
2/4/2004,1.2535
2/5/2004,1.2546
2/6/2004,1.2704
2/9/2004,1.2697
2/10/2004,1.2669
2/11/2004,1.2831
2/12/2004,1.2808
2/13/2004,1.2733
2/17/2004,1.2841
2/18/2004,1.2685
2/19/2004,1.2714
2/20/2004,1.2537
2/23/2004,1.2552
2/24/2004,1.2682
2/25/2004,1.25
2/26/2004,1.2437
2/27/2004,1.2491
3/1/2004,1.2456
3/2/2004,1.2215
3/3/2004,1.2203
3/4/2004,1.2202
3/5/2004,1.2363
3/8/2004,1.2402
3/9/2004,1.2323
3/10/2004,1.2225
3/11/2004,1.2357
3/12/2004,1.2219
3/15/2004,1.2262
3/16/2004,1.2271
3/17/2004,1.2234
3/18/2004,1.2382
3/19/2004,1.2284
3/22/2004,1.233
3/23/2004,1.2334
3/24/2004,1.2133
3/25/2004,1.2126
3/26/2004,1.2128
3/29/2004,1.2155
3/30/2004,1.2169
3/31/2004,1.2313
4/1/2004,1.2362
4/2/2004,1.2121
4/5/2004,1.2016
4/6/2004,1.2116
4/7/2004,1.2172
4/8/2004,1.2086
4/12/2004,1.2074
4/13/2004,1.1945
4/14/2004,1.1959
4/15/2004,1.198
4/16/2004,1.1985
4/19/2004,1.2022
4/20/2004,1.1864
4/21/2004,1.1839
4/22/2004,1.1903
4/23/2004,1.1847
4/26/2004,1.1863
4/27/2004,1.1922
4/28/2004,1.1836
4/29/2004,1.1959
4/30/2004,1.1973
5/3/2004,1.1941
5/4/2004,1.2097
5/5/2004,1.2174
5/6/2004,1.208
5/7/2004,1.1877
5/10/2004,1.1847
5/11/2004,1.1872
5/12/2004,1.19
5/13/2004,1.1817
5/14/2004,1.1884
5/17/2004,1.2026
5/18/2004,1.1948
5/19/2004,1.2008
5/20/2004,1.196
5/21/2004,1.198
5/24/2004,1.2002
5/25/2004,1.2104
5/26/2004,1.2102
5/27/2004,1.2261
5/28/2004,1.222
6/1/2004,1.2244
6/2/2004,1.2212
6/3/2004,1.2227
6/4/2004,1.228
6/7/2004,1.2319
6/8/2004,1.2267
6/9/2004,1.2047
6/10/2004,1.2105
6/14/2004,1.2055
6/15/2004,1.2157
6/16/2004,1.2011
6/17/2004,1.205
6/18/2004,1.2135
6/21/2004,1.2112
6/22/2004,1.2105
6/23/2004,1.2091
6/24/2004,1.2166
6/25/2004,1.2175
6/28/2004,1.2182
6/29/2004,1.208
6/30/2004,1.2193
7/1/2004,1.2157
7/2/2004,1.2316
7/6/2004,1.2278
7/7/2004,1.237
7/8/2004,1.2382
7/9/2004,1.2413
7/12/2004,1.2404
7/13/2004,1.2326
7/14/2004,1.2378
7/15/2004,1.2354
7/16/2004,1.2451
7/19/2004,1.2439
7/20/2004,1.2329
7/21/2004,1.2257
7/22/2004,1.2255
7/23/2004,1.2092
7/26/2004,1.214
7/27/2004,1.2055
7/28/2004,1.2055
7/29/2004,1.2042
7/30/2004,1.2019
8/2/2004,1.2023
8/3/2004,1.2056
8/4/2004,1.2049
8/5/2004,1.2058
8/6/2004,1.2276
8/9/2004,1.2269
8/10/2004,1.2234
8/11/2004,1.2216
8/12/2004,1.2252
8/13/2004,1.237
8/16/2004,1.2361
8/17/2004,1.2352
8/18/2004,1.2335
8/19/2004,1.2363
8/20/2004,1.2317
8/23/2004,1.2138
8/24/2004,1.208
8/25/2004,1.208
8/26/2004,1.21
8/27/2004,1.2007
8/30/2004,1.2044
8/31/2004,1.2179
9/1/2004,1.2188
9/2/2004,1.2174
9/3/2004,1.2056
9/7/2004,1.2102
9/8/2004,1.2181
9/9/2004,1.2215
9/10/2004,1.2258
9/13/2004,1.2258
9/14/2004,1.2249
9/15/2004,1.2149
9/16/2004,1.2179
9/17/2004,1.2185
9/20/2004,1.2175
9/21/2004,1.2337
9/22/2004,1.2265
9/23/2004,1.2269
9/24/2004,1.2275
9/27/2004,1.2288
9/28/2004,1.2326
9/29/2004,1.2332
9/30/2004,1.2435
10/1/2004,1.2413
10/4/2004,1.2286
10/5/2004,1.2312
10/6/2004,1.2285
10/7/2004,1.2281
10/8/2004,1.2409
10/11/2004,1.2382
10/12/2004,1.2326
10/13/2004,1.2344
10/14/2004,1.2383
10/15/2004,1.2467
10/18/2004,1.2489
10/19/2004,1.2509
10/20/2004,1.2587
10/21/2004,1.2614
10/22/2004,1.268
10/25/2004,1.2804
10/26/2004,1.2764
10/27/2004,1.2709
10/28/2004,1.2744
10/29/2004,1.2794
11/1/2004,1.2751
11/2/2004,1.2741
11/3/2004,1.2821
11/4/2004,1.2868
11/5/2004,1.2963
11/8/2004,1.2917
11/9/2004,1.2897
11/10/2004,1.2887
11/11/2004,1.2904
11/12/2004,1.297
11/15/2004,1.2948
11/16/2004,1.2954
11/17/2004,1.3031
11/18/2004,1.2959
11/19/2004,1.3023
11/22/2004,1.3046
11/23/2004,1.3085
11/24/2004,1.3184
11/26/2004,1.3295
11/29/2004,1.3274
11/30/2004,1.3278
12/1/2004,1.3343
12/2/2004,1.3265
12/3/2004,1.3452
12/6/2004,1.3406
12/7/2004,1.3419
12/8/2004,1.3336
12/9/2004,1.3301
12/10/2004,1.3203
12/13/2004,1.3307
12/14/2004,1.3294
12/15/2004,1.339
12/16/2004,1.3237
12/17/2004,1.3305
12/20/2004,1.3391
12/21/2004,1.337
12/22/2004,1.3387
12/23/2004,1.3511
12/27/2004,1.3614
12/28/2004,1.3611
12/29/2004,1.3607
12/30/2004,1.3633
12/31/2004,1.3552
1/3/2005,1.3465
1/4/2005,1.3278
1/5/2005,1.3259
1/6/2005,1.317
1/7/2005,1.305
1/10/2005,1.3068
1/11/2005,1.3105
1/12/2005,1.325
1/13/2005,1.3217
1/14/2005,1.3107
1/18/2005,1.3013
1/19/2005,1.3007
1/20/2005,1.2959
1/21/2005,1.3039
1/24/2005,1.3055
1/25/2005,1.297
1/26/2005,1.3071
1/27/2005,1.3043
1/28/2005,1.3037
1/31/2005,1.3035
2/1/2005,1.3043
2/2/2005,1.3023
2/3/2005,1.2973
2/4/2005,1.2866
2/7/2005,1.2756
2/8/2005,1.2758
2/9/2005,1.2802
2/10/2005,1.2872
2/11/2005,1.2862
2/14/2005,1.2971
2/15/2005,1.3024
2/16/2005,1.3029
2/17/2005,1.3068
2/18/2005,1.3069
2/22/2005,1.3259
2/23/2005,1.3214
2/24/2005,1.3195
2/25/2005,1.3244
2/28/2005,1.3225
3/1/2005,1.3185
3/2/2005,1.3139
3/3/2005,1.3108
3/4/2005,1.3235
3/7/2005,1.3212
3/8/2005,1.334
3/9/2005,1.3388
3/10/2005,1.3412
3/11/2005,1.3456
3/14/2005,1.3369
3/15/2005,1.3302
3/16/2005,1.3416
3/17/2005,1.3374
3/18/2005,1.3322
3/21/2005,1.3154
3/22/2005,1.3079
3/23/2005,1.2985
3/24/2005,1.2937
3/28/2005,1.2894
3/29/2005,1.2922
3/30/2005,1.2916
3/31/2005,1.2961
4/1/2005,1.2906
4/4/2005,1.2845
4/5/2005,1.2865
4/6/2005,1.2871
4/7/2005,1.2856
4/8/2005,1.293
4/11/2005,1.297
4/12/2005,1.2918
4/13/2005,1.2914
4/14/2005,1.281
4/15/2005,1.2926
4/18/2005,1.3019
4/19/2005,1.3058
4/20/2005,1.3083
4/21/2005,1.3048
4/22/2005,1.3063
4/25/2005,1.3002
4/26/2005,1.2985
4/27/2005,1.2929
4/28/2005,1.2896
4/29/2005,1.2871
5/2/2005,1.2861
5/3/2005,1.287
5/4/2005,1.2944
5/5/2005,1.2957
5/6/2005,1.2816
5/9/2005,1.284
5/10/2005,1.2878
5/11/2005,1.2812
5/12/2005,1.268
5/13/2005,1.2625
5/16/2005,1.2638
5/17/2005,1.2604
5/18/2005,1.2681
5/19/2005,1.2641
5/20/2005,1.2556
5/23/2005,1.2577
5/24/2005,1.2582
5/25/2005,1.2599
5/26/2005,1.2509
5/27/2005,1.2582
5/31/2005,1.2303
6/1/2005,1.2174
6/2/2005,1.2266
6/3/2005,1.2231
6/6/2005,1.2256
6/7/2005,1.2283
6/8/2005,1.2232
6/9/2005,1.2227
6/10/2005,1.2115
6/13/2005,1.2108
6/14/2005,1.2029
6/15/2005,1.2114
6/16/2005,1.2105
6/17/2005,1.2283
6/20/2005,1.2149
6/21/2005,1.2181
6/22/2005,1.2128
6/23/2005,1.2032
6/24/2005,1.2089
6/27/2005,1.2159
6/28/2005,1.2051
6/29/2005,1.207
6/30/2005,1.2099
7/1/2005,1.1953
7/5/2005,1.1909
7/6/2005,1.1931
7/7/2005,1.1949
7/8/2005,1.1964
7/11/2005,1.207
7/12/2005,1.224
7/13/2005,1.2092
7/14/2005,1.208
7/15/2005,1.2032
7/18/2005,1.2048
7/19/2005,1.2032
7/20/2005,1.2137
7/21/2005,1.217
7/22/2005,1.206
7/25/2005,1.2057
7/26/2005,1.2015
7/27/2005,1.2065
7/28/2005,1.2133
7/29/2005,1.2119
8/1/2005,1.2172
8/2/2005,1.219
8/3/2005,1.2334
8/4/2005,1.2382
8/5/2005,1.2358
8/8/2005,1.235
8/9/2005,1.2367
8/10/2005,1.238
8/11/2005,1.2468
8/12/2005,1.2437
8/15/2005,1.2364
8/16/2005,1.2362
8/17/2005,1.2269
8/18/2005,1.217
8/19/2005,1.2148
8/22/2005,1.2229
8/23/2005,1.2234
8/24/2005,1.2271
8/25/2005,1.2297
8/26/2005,1.2284
8/29/2005,1.2233
8/30/2005,1.2216
8/31/2005,1.2343
9/1/2005,1.2493
9/2/2005,1.2528
9/6/2005,1.2466
9/7/2005,1.2415
9/8/2005,1.2398
9/9/2005,1.2403
9/12/2005,1.2283
9/13/2005,1.2263
9/14/2005,1.2286
9/15/2005,1.222
9/16/2005,1.2233
9/19/2005,1.2136
9/20/2005,1.2113
9/21/2005,1.2215
9/22/2005,1.2149
9/23/2005,1.2037
9/26/2005,1.2069
9/27/2005,1.2009
9/28/2005,1.2041
9/29/2005,1.2027
9/30/2005,1.2023
10/3/2005,1.1916
10/4/2005,1.1914
10/5/2005,1.197
10/6/2005,1.2178
10/7/2005,1.2124
10/10/2005,1.2065
10/11/2005,1.1989
10/12/2005,1.2021
10/13/2005,1.2022
10/14/2005,1.2073
10/17/2005,1.2023
10/18/2005,1.1957
10/19/2005,1.1988
10/20/2005,1.2019
10/21/2005,1.195
10/24/2005,1.1982
10/25/2005,1.2103
10/26/2005,1.2067
10/27/2005,1.214
10/28/2005,1.2066
10/31/2005,1.1989
11/1/2005,1.2019
11/2/2005,1.2071
11/3/2005,1.1941
11/4/2005,1.1811
11/7/2005,1.1799
11/8/2005,1.1778
11/9/2005,1.1763
11/10/2005,1.1684
11/11/2005,1.1731
11/14/2005,1.1684
11/15/2005,1.172
11/16/2005,1.1669
11/17/2005,1.1746
11/18/2005,1.1772
11/21/2005,1.1726
11/22/2005,1.1813
11/23/2005,1.1818
11/25/2005,1.172
11/28/2005,1.1849
11/29/2005,1.1777
11/30/2005,1.1789
12/1/2005,1.1732
12/2/2005,1.1713
12/5/2005,1.1785
12/6/2005,1.1778
12/7/2005,1.1722
12/8/2005,1.1821
12/9/2005,1.1811
12/12/2005,1.195
12/13/2005,1.1943
12/14/2005,1.1996
12/15/2005,1.1976
12/16/2005,1.2012
12/19/2005,1.2003
12/20/2005,1.1854
12/21/2005,1.1837
12/22/2005,1.1863
12/23/2005,1.1863
12/27/2005,1.1824
12/28/2005,1.1834
12/29/2005,1.1837
12/30/2005,1.1846
1/3/2006,1.2015
1/4/2006,1.2124
1/5/2006,1.2103
1/6/2006,1.215
1/9/2006,1.2081
1/10/2006,1.2065
1/11/2006,1.2125
1/12/2006,1.2035
1/13/2006,1.2135
1/17/2006,1.2105
1/18/2006,1.2105
1/19/2006,1.2099
1/20/2006,1.2136
1/23/2006,1.2306
1/24/2006,1.228
1/25/2006,1.2241
1/26/2006,1.2202
1/27/2006,1.2101
1/30/2006,1.2087
1/31/2006,1.2155
2/1/2006,1.2057
2/2/2006,1.2097
2/3/2006,1.202
2/6/2006,1.1964
2/7/2006,1.1977
2/8/2006,1.1956
2/9/2006,1.1976
2/10/2006,1.19
2/13/2006,1.1897
2/14/2006,1.1914
2/15/2006,1.1888
2/16/2006,1.1906
2/17/2006,1.193
2/21/2006,1.1912
2/22/2006,1.191
2/23/2006,1.1921
2/24/2006,1.1875
2/27/2006,1.1848
2/28/2006,1.1916
3/1/2006,1.1914
3/2/2006,1.204
3/3/2006,1.2039
3/6/2006,1.2018
3/7/2006,1.1882
3/8/2006,1.1923
3/9/2006,1.1914
3/10/2006,1.1914
3/13/2006,1.1958
3/14/2006,1.2015
3/15/2006,1.2069
3/16/2006,1.218
3/17/2006,1.2188
3/20/2006,1.2167
3/21/2006,1.2092
3/22/2006,1.2073
3/23/2006,1.1969
3/24/2006,1.2035
3/27/2006,1.2013
3/28/2006,1.2002
3/29/2006,1.2025
3/30/2006,1.217
3/31/2006,1.2113
4/3/2006,1.2136
4/4/2006,1.2256
4/5/2006,1.2289
4/6/2006,1.2231
4/7/2006,1.2088
4/10/2006,1.2106
4/11/2006,1.2146
4/12/2006,1.2102
4/13/2006,1.211
4/17/2006,1.2255
4/18/2006,1.2347
4/19/2006,1.2381
4/20/2006,1.2315
4/21/2006,1.234
4/24/2006,1.2385
4/25/2006,1.2433
4/26/2006,1.2451
4/27/2006,1.2528
4/28/2006,1.2631
5/1/2006,1.2586
5/2/2006,1.2609
5/3/2006,1.2631
5/4/2006,1.2691
5/5/2006,1.2722
5/8/2006,1.2709
5/9/2006,1.2757
5/10/2006,1.2781
5/11/2006,1.2835
5/12/2006,1.2933
5/15/2006,1.2793
5/16/2006,1.2854
5/17/2006,1.2746
5/18/2006,1.2843
5/19/2006,1.2774
5/22/2006,1.2866
5/23/2006,1.2819
5/24/2006,1.2754
5/25/2006,1.2803
5/26/2006,1.2736
5/30/2006,1.2874
5/31/2006,1.2813
6/1/2006,1.2808
6/2/2006,1.2916
6/5/2006,1.2899
6/6/2006,1.2817
6/7/2006,1.2785
6/8/2006,1.2651
6/9/2006,1.2636
6/12/2006,1.2584
6/13/2006,1.2534
6/14/2006,1.2598
6/15/2006,1.2633
6/16/2006,1.2642
6/19/2006,1.2573
6/20/2006,1.2577
6/21/2006,1.2667
6/22/2006,1.2576
6/23/2006,1.2507
6/26/2006,1.2585
6/27/2006,1.2579
6/28/2006,1.255
6/29/2006,1.2659
6/30/2006,1.2784
7/3/2006,1.2796
7/5/2006,1.272
7/6/2006,1.2775
7/7/2006,1.2808
7/10/2006,1.2735
7/11/2006,1.2773
7/12/2006,1.2699
7/13/2006,1.2687
7/14/2006,1.265
7/17/2006,1.2518
7/18/2006,1.2506
7/19/2006,1.2585
7/20/2006,1.2625
7/21/2006,1.2694
7/24/2006,1.2635
7/25/2006,1.2578
7/26/2006,1.2712
7/27/2006,1.2698
7/28/2006,1.2759
7/31/2006,1.2765
8/1/2006,1.2825
8/2/2006,1.2787
8/3/2006,1.28
8/4/2006,1.2868
8/7/2006,1.2839
8/8/2006,1.2868
8/9/2006,1.2863
8/10/2006,1.2793
8/11/2006,1.2719
8/14/2006,1.2714
8/15/2006,1.2783
8/16/2006,1.2839
8/17/2006,1.2827
8/18/2006,1.2823
8/21/2006,1.2889
8/22/2006,1.2802
8/23/2006,1.2786
8/24/2006,1.2764
8/25/2006,1.2753
8/28/2006,1.2779
8/29/2006,1.2824
8/30/2006,1.2832
8/31/2006,1.2815
9/1/2006,1.2835
9/5/2006,1.2814
9/6/2006,1.2805
9/7/2006,1.2727
9/8/2006,1.2678
9/11/2006,1.2702
9/12/2006,1.2689
9/13/2006,1.2689
9/14/2006,1.2725
9/15/2006,1.2668
9/18/2006,1.2706
9/19/2006,1.2677
9/20/2006,1.2685
9/21/2006,1.2778
9/22/2006,1.2784
9/25/2006,1.2747
9/26/2006,1.269
9/27/2006,1.2701
9/28/2006,1.2701
9/29/2006,1.268
10/2/2006,1.2739
10/3/2006,1.2732
10/4/2006,1.2714
10/5/2006,1.2691
10/6/2006,1.2603
10/9/2006,1.2598
10/10/2006,1.2538
10/11/2006,1.2517
10/12/2006,1.2555
10/13/2006,1.2511
10/16/2006,1.2533
10/17/2006,1.2547
10/18/2006,1.2531
10/19/2006,1.2626
10/20/2006,1.2615
10/23/2006,1.2556
10/24/2006,1.2559
10/25/2006,1.26
10/26/2006,1.2694
10/27/2006,1.274
10/30/2006,1.2725
10/31/2006,1.2765
11/1/2006,1.2759
11/2/2006,1.2779
11/3/2006,1.272
11/6/2006,1.2726
11/7/2006,1.2776
11/8/2006,1.2757
11/9/2006,1.2831
11/10/2006,1.2842
11/13/2006,1.2807
11/14/2006,1.2811
11/15/2006,1.2829
11/16/2006,1.2795
11/17/2006,1.2843
11/20/2006,1.2816
11/21/2006,1.2844
11/22/2006,1.2941
11/24/2006,1.3098
11/27/2006,1.3133
11/28/2006,1.3201
11/29/2006,1.3155
11/30/2006,1.3242
12/1/2006,1.3335
12/4/2006,1.3343
12/5/2006,1.3317
12/6/2006,1.3285
12/7/2006,1.3287
12/8/2006,1.3202
12/11/2006,1.3238
12/12/2006,1.3286
12/13/2006,1.3213
12/14/2006,1.3143
12/15/2006,1.3075
12/18/2006,1.3098
12/19/2006,1.3197
12/20/2006,1.3177
12/21/2006,1.3176
12/22/2006,1.3129
12/26/2006,1.3097
12/27/2006,1.3115
12/28/2006,1.3151
12/29/2006,1.32
1/3/2007,1.3169
1/4/2007,1.3085
1/5/2007,1.3006
1/8/2007,1.3023
1/9/2007,1.3002
1/10/2007,1.2936
1/11/2007,1.2893
1/12/2007,1.2924
1/16/2007,1.2918
1/17/2007,1.2936
1/18/2007,1.2963
1/19/2007,1.2957
1/22/2007,1.2948
1/23/2007,1.3027
1/24/2007,1.2972
1/25/2007,1.2931
1/26/2007,1.2927
1/29/2007,1.2957
1/30/2007,1.297
1/31/2007,1.3032
2/1/2007,1.3022
2/2/2007,1.2959
2/5/2007,1.2928
2/6/2007,1.2984
2/7/2007,1.3012
2/8/2007,1.3041
2/9/2007,1.3007
2/12/2007,1.2967
2/13/2007,1.3038
2/14/2007,1.3131
2/15/2007,1.3141
2/16/2007,1.3143
2/20/2007,1.3138
2/21/2007,1.314
2/22/2007,1.3125
2/23/2007,1.3167
2/26/2007,1.3188
2/27/2007,1.3243
2/28/2007,1.3228
3/1/2007,1.3188
3/2/2007,1.3196
3/5/2007,1.3093
3/6/2007,1.3129
3/7/2007,1.3177
3/8/2007,1.3132
3/9/2007,1.3152
3/12/2007,1.3188
3/13/2007,1.3196
3/14/2007,1.3217
3/15/2007,1.3236
3/16/2007,1.3303
3/19/2007,1.33
3/20/2007,1.3316
3/21/2007,1.3384
3/22/2007,1.333
3/23/2007,1.3283
3/26/2007,1.3331
3/27/2007,1.335
3/28/2007,1.3317
3/29/2007,1.3331
3/30/2007,1.3354
4/2/2007,1.3365
4/3/2007,1.3332
4/4/2007,1.3372
4/5/2007,1.3421
4/9/2007,1.3355
4/10/2007,1.3434
4/11/2007,1.343
4/12/2007,1.3486
4/13/2007,1.3528
4/16/2007,1.3528
4/17/2007,1.3572
4/18/2007,1.3608
4/19/2007,1.3609
4/20/2007,1.3589
4/23/2007,1.3575
4/24/2007,1.3639
4/25/2007,1.3638
4/26/2007,1.3586
4/27/2007,1.365
4/30/2007,1.3643
5/1/2007,1.3602
5/2/2007,1.3588
5/3/2007,1.3552
5/4/2007,1.359
5/7/2007,1.3596
5/8/2007,1.3541
5/9/2007,1.3529
5/10/2007,1.3483
5/11/2007,1.3521
5/14/2007,1.3541
5/15/2007,1.3591
5/16/2007,1.352
5/17/2007,1.3492
5/18/2007,1.3507
5/21/2007,1.3464
5/22/2007,1.3448
5/23/2007,1.3459
5/24/2007,1.3427
5/25/2007,1.3442
5/29/2007,1.3447
5/30/2007,1.3425
5/31/2007,1.3453
6/1/2007,1.3447
6/4/2007,1.3489
6/5/2007,1.3518
6/6/2007,1.3501
6/7/2007,1.3427
6/8/2007,1.3372
6/11/2007,1.3358
6/12/2007,1.3303
6/13/2007,1.3311
6/14/2007,1.3311
6/15/2007,1.3387
6/18/2007,1.3415
6/19/2007,1.3423
6/20/2007,1.3406
6/21/2007,1.3385
6/22/2007,1.3468
6/25/2007,1.3461
6/26/2007,1.3454
6/27/2007,1.345
6/28/2007,1.3442
6/29/2007,1.3541
7/2/2007,1.3624
7/3/2007,1.361
7/5/2007,1.3595
7/6/2007,1.3627
7/9/2007,1.363
7/10/2007,1.3748
7/11/2007,1.3743
7/12/2007,1.3793
7/13/2007,1.3781
7/16/2007,1.377
7/17/2007,1.3787
7/18/2007,1.3803
7/19/2007,1.3795
7/20/2007,1.3826
7/23/2007,1.3812
7/24/2007,1.3826
7/25/2007,1.3723
7/26/2007,1.3741
7/27/2007,1.3635
7/30/2007,1.3691
7/31/2007,1.367
8/1/2007,1.3672
8/2/2007,1.37
8/3/2007,1.3773
8/6/2007,1.3785
8/7/2007,1.374
8/8/2007,1.3796
8/9/2007,1.3676
8/10/2007,1.3691
8/13/2007,1.3611
8/14/2007,1.3532
8/15/2007,1.3423
8/16/2007,1.3423
8/17/2007,1.3474
8/20/2007,1.3474
8/21/2007,1.346
8/22/2007,1.3543
8/23/2007,1.3565
8/24/2007,1.3674
8/27/2007,1.3641
8/28/2007,1.3601
8/29/2007,1.3676
8/30/2007,1.3635
8/31/2007,1.3628
9/4/2007,1.3603
9/5/2007,1.3647
9/6/2007,1.3688
9/7/2007,1.3766
9/10/2007,1.3797
9/11/2007,1.3837
9/12/2007,1.3902
9/13/2007,1.3863
9/14/2007,1.3873
9/17/2007,1.3866
9/18/2007,1.3981
9/19/2007,1.3958
9/20/2007,1.4069
9/21/2007,1.4089
9/24/2007,1.4087
9/25/2007,1.4141
9/26/2007,1.4128
9/27/2007,1.4149
9/28/2007,1.4266
10/1/2007,1.4232
10/2/2007,1.415
10/3/2007,1.4087
10/4/2007,1.413
10/5/2007,1.4134
10/8/2007,1.4057
10/9/2007,1.4101
10/10/2007,1.4146
10/11/2007,1.4198
10/12/2007,1.4176
10/15/2007,1.421
10/16/2007,1.4165
10/17/2007,1.4202
10/18/2007,1.4293
10/19/2007,1.43
10/22/2007,1.4177
10/23/2007,1.4263
10/24/2007,1.4266
10/25/2007,1.4326
10/26/2007,1.4391
10/29/2007,1.4424
10/30/2007,1.4429
10/31/2007,1.448
11/1/2007,1.442
11/2/2007,1.4503
11/5/2007,1.4464
11/6/2007,1.4555
11/7/2007,1.4642
11/8/2007,1.4671
11/9/2007,1.4667
11/12/2007,1.4534
11/13/2007,1.4604
11/14/2007,1.4653
11/15/2007,1.462
11/16/2007,1.4663
11/19/2007,1.4663
11/20/2007,1.4821
11/21/2007,1.4854
11/23/2007,1.4836
11/26/2007,1.4878
11/27/2007,1.4821
11/28/2007,1.4831
11/29/2007,1.474
11/30/2007,1.4628
12/3/2007,1.467
12/4/2007,1.4765
12/5/2007,1.4614
12/6/2007,1.4627
12/7/2007,1.4653
12/10/2007,1.4713
12/11/2007,1.4655
12/12/2007,1.4704
12/13/2007,1.4632
12/14/2007,1.4422
12/17/2007,1.4398
12/18/2007,1.4407
12/19/2007,1.4377
12/20/2007,1.4318
12/21/2007,1.4356
12/24/2007,1.4398
12/26/2007,1.449
12/27/2007,1.4611
12/28/2007,1.4714
12/31/2007,1.4588
1/2/2008,1.4726
1/3/2008,1.4743
1/4/2008,1.4751
1/7/2008,1.4685
1/8/2008,1.4707
1/9/2008,1.4662
1/10/2008,1.4805
1/11/2008,1.4776
1/14/2008,1.4867
1/15/2008,1.48
1/16/2008,1.4649
1/17/2008,1.4641
1/18/2008,1.4615
1/22/2008,1.4637
1/23/2008,1.4628
1/24/2008,1.4757
1/25/2008,1.4671
1/28/2008,1.4786
1/29/2008,1.4773
1/30/2008,1.4878
1/31/2008,1.4863
2/1/2008,1.4798
2/4/2008,1.4826
2/5/2008,1.4648
2/6/2008,1.4612
2/7/2008,1.4483
2/8/2008,1.4511
2/11/2008,1.4525
2/12/2008,1.4581
2/13/2008,1.4569
2/14/2008,1.4637
2/15/2008,1.4677
2/19/2008,1.4727
2/20/2008,1.4711
2/21/2008,1.4807
2/22/2008,1.4829
2/25/2008,1.4826
2/26/2008,1.4983
2/27/2008,1.5115
2/28/2008,1.5213
2/29/2008,1.518
3/3/2008,1.5204
3/4/2008,1.521
3/5/2008,1.5268
3/6/2008,1.5387
3/7/2008,1.5344
3/10/2008,1.5339
3/11/2008,1.533
3/12/2008,1.5551
3/13/2008,1.564
3/14/2008,1.5671
3/17/2008,1.5728
3/18/2008,1.5624
3/19/2008,1.5626
3/20/2008,1.5437
3/24/2008,1.5424
3/25/2008,1.5629
3/26/2008,1.5846
3/27/2008,1.5783
3/28/2008,1.5794
3/31/2008,1.5771
4/1/2008,1.5607
4/2/2008,1.5691
4/3/2008,1.5682
4/4/2008,1.5738
4/7/2008,1.5701
4/8/2008,1.5699
4/9/2008,1.5829
4/10/2008,1.5742
4/11/2008,1.5802
4/14/2008,1.5843
4/15/2008,1.5791
4/16/2008,1.5946
4/17/2008,1.5897
4/18/2008,1.5813
4/21/2008,1.5906
4/22/2008,1.5994
4/23/2008,1.5889
4/24/2008,1.5678
4/25/2008,1.5628
4/28/2008,1.5658
4/29/2008,1.5564
4/30/2008,1.5619
5/1/2008,1.5469
5/2/2008,1.5423
5/5/2008,1.5493
5/6/2008,1.5529
5/7/2008,1.5387
5/8/2008,1.5402
5/9/2008,1.5481
5/12/2008,1.5545
5/13/2008,1.546
5/14/2008,1.5475
5/15/2008,1.5439
5/16/2008,1.5575
5/19/2008,1.5514
5/20/2008,1.5654
5/21/2008,1.5795
5/22/2008,1.5729
5/23/2008,1.576
5/27/2008,1.5682
5/28/2008,1.5639
5/29/2008,1.5515
5/30/2008,1.5554
6/2/2008,1.5541
6/3/2008,1.5441
6/4/2008,1.5431
6/5/2008,1.5587
6/6/2008,1.5776
6/9/2008,1.5642
6/10/2008,1.5461
6/11/2008,1.5552
6/12/2008,1.5447
6/13/2008,1.538
6/16/2008,1.5467
6/17/2008,1.5507
6/18/2008,1.5524
6/19/2008,1.5502
6/20/2008,1.5604
6/23/2008,1.552
6/24/2008,1.5567
6/25/2008,1.5668
6/26/2008,1.5756
6/27/2008,1.5793
6/30/2008,1.5755
7/1/2008,1.5791
7/2/2008,1.5879
7/3/2008,1.5694
7/7/2008,1.572
7/8/2008,1.5667
7/9/2008,1.574
7/10/2008,1.5785
7/11/2008,1.5936
7/14/2008,1.5904
7/15/2008,1.5917
7/16/2008,1.5822
7/17/2008,1.5864
7/18/2008,1.5846
7/21/2008,1.5924
7/22/2008,1.5781
7/23/2008,1.5689
7/24/2008,1.5678
7/25/2008,1.5708
7/28/2008,1.5742
7/29/2008,1.5584
7/30/2008,1.5574
7/31/2008,1.5599
8/1/2008,1.5562
8/4/2008,1.5575
8/5/2008,1.5456
8/6/2008,1.541
8/7/2008,1.5324
8/8/2008,1.5004
8/11/2008,1.4897
8/12/2008,1.4917
8/13/2008,1.4922
8/14/2008,1.4807
8/15/2008,1.4686
8/18/2008,1.4695
8/19/2008,1.4792
8/20/2008,1.4738
8/21/2008,1.4904
8/22/2008,1.4792
8/25/2008,1.4752
8/26/2008,1.4649
8/27/2008,1.4714
8/28/2008,1.4694
8/29/2008,1.4671
9/2/2008,1.4515
9/3/2008,1.4488
9/4/2008,1.4231
9/5/2008,1.4267
9/8/2008,1.4127
9/9/2008,1.4129
9/10/2008,1.3968
9/11/2008,1.4025
9/12/2008,1.4221
9/15/2008,1.4263
9/16/2008,1.4132
9/17/2008,1.4304
9/18/2008,1.4316
9/19/2008,1.4466
9/22/2008,1.4789
9/23/2008,1.4645
9/24/2008,1.4612
9/25/2008,1.4617
9/26/2008,1.4612
9/29/2008,1.442
9/30/2008,1.4111
10/1/2008,1.401
10/2/2008,1.3819
10/3/2008,1.377
10/6/2008,1.3487
10/7/2008,1.3592
10/8/2008,1.3631
10/9/2008,1.3589
10/10/2008,1.3407
10/13/2008,1.3586
10/14/2008,1.3622
10/15/2008,1.3462
10/16/2008,1.3476
10/17/2008,1.3407
10/20/2008,1.3349
10/21/2008,1.3056
10/22/2008,1.2851
10/23/2008,1.2991
10/24/2008,1.2622
10/27/2008,1.2458
10/28/2008,1.2719
10/29/2008,1.2962
10/30/2008,1.2909
10/31/2008,1.2726
11/3/2008,1.2646
11/4/2008,1.3034
11/5/2008,1.2953
11/6/2008,1.2693
11/7/2008,1.2762
11/10/2008,1.2728
11/11/2008,1.2517
11/12/2008,1.2473
11/13/2008,1.279
11/14/2008,1.2689
11/17/2008,1.2646
11/18/2008,1.2624
11/19/2008,1.2521
11/20/2008,1.2464
11/21/2008,1.2574
11/24/2008,1.2909
11/25/2008,1.3058
11/26/2008,1.2887
11/28/2008,1.2698
12/1/2008,1.2622
12/2/2008,1.271
12/3/2008,1.2706
12/4/2008,1.2776
12/5/2008,1.2716
12/8/2008,1.2944
12/9/2008,1.2914
12/10/2008,1.3011
12/11/2008,1.3355
12/12/2008,1.3374
12/15/2008,1.37
12/16/2008,1.406
12/17/2008,1.4387
12/18/2008,1.4215
12/19/2008,1.3921
12/22/2008,1.3945
12/23/2008,1.3947
12/24/2008,1.4007
12/26/2008,1.4058
12/29/2008,1.3971
12/30/2008,1.4071
12/31/2008,1.3977
1/2/2009,1.3852
1/5/2009,1.3615
1/6/2009,1.3523
1/7/2009,1.3635
1/8/2009,1.3711
1/9/2009,1.3427
1/12/2009,1.3366
1/13/2009,1.3194
1/14/2009,1.3175
1/15/2009,1.3141
1/16/2009,1.3288
1/20/2009,1.2888
1/21/2009,1.3056
1/22/2009,1.3
1/23/2009,1.2983
1/26/2009,1.318
1/27/2009,1.3148
1/28/2009,1.3142
1/29/2009,1.2948
1/30/2009,1.2803
2/2/2009,1.2842
2/3/2009,1.3036
2/4/2009,1.2839
2/5/2009,1.2781
2/6/2009,1.2924
2/9/2009,1.3014
2/10/2009,1.2894
2/11/2009,1.2897
2/12/2009,1.2868
2/13/2009,1.2887
2/17/2009,1.26
2/18/2009,1.2537
2/19/2009,1.2666
2/20/2009,1.2833
2/23/2009,1.2697
2/24/2009,1.2838
2/25/2009,1.2706
2/26/2009,1.2727
2/27/2009,1.2676
3/2/2009,1.2576
3/3/2009,1.2562
3/4/2009,1.2647
3/5/2009,1.2556
3/6/2009,1.2635
3/9/2009,1.2606
3/10/2009,1.2674
3/11/2009,1.2828
3/12/2009,1.2913
3/13/2009,1.2927
3/16/2009,1.2975
3/17/2009,1.3015
3/18/2009,1.3509
3/19/2009,1.3662
3/20/2009,1.358
3/23/2009,1.3629
3/24/2009,1.3458
3/25/2009,1.3583
3/26/2009,1.3521
3/27/2009,1.3285
3/30/2009,1.3203
3/31/2009,1.3247
4/1/2009,1.3233
4/2/2009,1.3459
4/3/2009,1.3482
4/6/2009,1.3406
4/7/2009,1.3267
4/8/2009,1.3261
4/9/2009,1.3164
4/13/2009,1.3363
4/14/2009,1.3251
4/15/2009,1.3219
4/16/2009,1.3172
4/17/2009,1.3044
4/20/2009,1.2915
4/21/2009,1.2933
4/22/2009,1.2998
4/23/2009,1.3147
4/24/2009,1.324
4/27/2009,1.3011
4/28/2009,1.3146
4/29/2009,1.3261
4/30/2009,1.3226
5/1/2009,1.3269
5/4/2009,1.341
5/5/2009,1.3312
5/6/2009,1.3317
5/7/2009,1.3398
5/8/2009,1.3634
5/11/2009,1.3573
5/12/2009,1.3642
5/13/2009,1.36
5/14/2009,1.3633
5/15/2009,1.3493
5/18/2009,1.3558
5/19/2009,1.3628
5/20/2009,1.3766
5/21/2009,1.3895
5/22/2009,1.3996
5/26/2009,1.3989
5/27/2009,1.3833
5/28/2009,1.3938
5/29/2009,1.4157
6/1/2009,1.4157
6/2/2009,1.4302
6/3/2009,1.4149
6/4/2009,1.4186
6/5/2009,1.3967
6/8/2009,1.3896
6/9/2009,1.4068
6/10/2009,1.3976
6/11/2009,1.4105
6/12/2009,1.4015
6/15/2009,1.3788
6/16/2009,1.3834
6/17/2009,1.3946
6/18/2009,1.3904
6/19/2009,1.3939
6/22/2009,1.3858
6/23/2009,1.4077
6/24/2009,1.3926
6/25/2009,1.3992
6/26/2009,1.4052
6/29/2009,1.4075
6/30/2009,1.4032
7/1/2009,1.415
7/2/2009,1.3944
7/6/2009,1.3976
7/7/2009,1.3921
7/8/2009,1.3875
7/9/2009,1.4023
7/10/2009,1.3935
7/13/2009,1.3977
7/14/2009,1.3964
7/15/2009,1.4109
7/16/2009,1.4141
7/17/2009,1.41
7/20/2009,1.423
7/21/2009,1.4212
7/22/2009,1.4212
7/23/2009,1.4155
7/24/2009,1.4204
7/27/2009,1.424
7/28/2009,1.4175
7/29/2009,1.4034
7/30/2009,1.4072
7/31/2009,1.4255
8/3/2009,1.4415
8/4/2009,1.4394
8/5/2009,1.4408
8/6/2009,1.4341
8/7/2009,1.4182
8/10/2009,1.4135
8/11/2009,1.415
8/12/2009,1.4196
8/13/2009,1.4287
8/14/2009,1.42
8/17/2009,1.4076
8/18/2009,1.4131
8/19/2009,1.4235
8/20/2009,1.425
8/21/2009,1.4326
8/24/2009,1.4302
8/25/2009,1.4297
8/26/2009,1.4248
8/27/2009,1.4345
8/28/2009,1.4303
8/31/2009,1.4329
9/1/2009,1.4218
9/2/2009,1.4262
9/3/2009,1.4254
9/4/2009,1.4297
9/8/2009,1.4482
9/9/2009,1.456
9/10/2009,1.4575
9/11/2009,1.457
9/14/2009,1.4621
9/15/2009,1.466
9/16/2009,1.4716
9/17/2009,1.4739
9/18/2009,1.4711
9/21/2009,1.4675
9/22/2009,1.4789
9/23/2009,1.4728
9/24/2009,1.4657
9/25/2009,1.4688
9/28/2009,1.4619
9/29/2009,1.4582
9/30/2009,1.4632
10/1/2009,1.4537
10/2/2009,1.4575
10/5/2009,1.4648
10/6/2009,1.4715
10/7/2009,1.4688
10/8/2009,1.4788
10/9/2009,1.4727
10/12/2009,1.4774
10/13/2009,1.4853
10/14/2009,1.4926
10/15/2009,1.4943
10/16/2009,1.4902
10/19/2009,1.4962
10/20/2009,1.4937
10/21/2009,1.5008
10/22/2009,1.5024
10/23/2009,1.5006
10/26/2009,1.4865
10/27/2009,1.4802
10/28/2009,1.471
10/29/2009,1.4836
10/30/2009,1.4718
11/2/2009,1.4766
11/3/2009,1.4722
11/4/2009,1.4873
11/5/2009,1.4879
11/6/2009,1.4843
11/9/2009,1.4995
11/10/2009,1.4981
11/11/2009,1.4981
11/12/2009,1.4841
11/13/2009,1.492
11/16/2009,1.4969
11/17/2009,1.4873
11/18/2009,1.4962
11/19/2009,1.4917
11/20/2009,1.486
11/23/2009,1.4957
11/24/2009,1.4962
11/25/2009,1.5134
11/27/2009,1.4966
11/30/2009,1.5008
12/1/2009,1.5083
12/2/2009,1.5044
12/3/2009,1.5068
12/4/2009,1.4845
12/7/2009,1.4819
12/8/2009,1.4709
12/9/2009,1.4729
12/10/2009,1.473
12/11/2009,1.4619
12/14/2009,1.4653
12/15/2009,1.4533
12/16/2009,1.4528
12/17/2009,1.4341
12/18/2009,1.4337
12/21/2009,1.4279
12/22/2009,1.4253
12/23/2009,1.433
12/24/2009,1.4373
12/28/2009,1.4379
12/29/2009,1.4344
12/30/2009,1.4339
12/31/2009,1.4322
1/4/2010,1.441
1/5/2010,1.4371
1/6/2010,1.4415
1/7/2010,1.4313
1/8/2010,1.4417
1/11/2010,1.4512
1/12/2010,1.4492
1/13/2010,1.4509
1/14/2010,1.4499
1/15/2010,1.4379
1/19/2010,1.43
1/20/2010,1.4101
1/21/2010,1.4085
1/22/2010,1.4131
1/25/2010,1.4146
1/26/2010,1.4072
1/27/2010,1.402
1/28/2010,1.3969
1/29/2010,1.3862
2/1/2010,1.3927
2/2/2010,1.3957
2/3/2010,1.3897
2/4/2010,1.3736
2/5/2010,1.3662
2/8/2010,1.3657
2/9/2010,1.3788
2/10/2010,1.373
2/11/2010,1.3686
2/12/2010,1.3613
2/16/2010,1.377
2/17/2010,1.3602
2/18/2010,1.3616
2/19/2010,1.3593
2/22/2010,1.3594
2/23/2010,1.3509
2/24/2010,1.3535
2/25/2010,1.3548
2/26/2010,1.3618
3/1/2010,1.3556
3/2/2010,1.3604
3/3/2010,1.3701
3/4/2010,1.3578
3/5/2010,1.3617
3/8/2010,1.3633
3/9/2010,1.3597
3/10/2010,1.3655
3/11/2010,1.3675
3/12/2010,1.3758
3/15/2010,1.3675
3/16/2010,1.3775
3/17/2010,1.3736
3/18/2010,1.3604
3/19/2010,1.3527
3/22/2010,1.3556
3/23/2010,1.3505
3/24/2010,1.3309
3/25/2010,1.3279
3/26/2010,1.341
3/29/2010,1.3478
3/30/2010,1.3415
3/31/2010,1.3512
4/1/2010,1.358
4/5/2010,1.3484
4/6/2010,1.34
4/7/2010,1.3338
4/8/2010,1.3359
4/9/2010,1.3496
4/12/2010,1.3586
4/13/2010,1.3615
4/14/2010,1.3653
4/15/2010,1.3581
4/16/2010,1.3496
4/19/2010,1.3491
4/20/2010,1.3436
4/21/2010,1.3388
4/22/2010,1.3289
4/23/2010,1.3383
4/26/2010,1.3403
4/27/2010,1.3152
4/28/2010,1.3215
4/29/2010,1.3241
4/30/2010,1.329
5/3/2010,1.3194
5/4/2010,1.2962
5/5/2010,1.2808
5/6/2010,1.2634
5/7/2010,1.2759
5/10/2010,1.2778
5/11/2010,1.2634
5/12/2010,1.2624
5/13/2010,1.2516
5/14/2010,1.236
5/17/2010,1.2391
5/18/2010,1.2158
5/19/2010,1.2415
5/20/2010,1.2462
5/21/2010,1.257
5/24/2010,1.2336
5/25/2010,1.2379
5/26/2010,1.2161
5/27/2010,1.2359
5/28/2010,1.2271
6/1/2010,1.2214
6/2/2010,1.2248
6/3/2010,1.2161
6/4/2010,1.1969
6/7/2010,1.1911
6/8/2010,1.1968
6/9/2010,1.1984
6/10/2010,1.2111
6/11/2010,1.211
6/14/2010,1.2216
6/15/2010,1.2323
6/16/2010,1.2296
6/17/2010,1.2384
6/18/2010,1.2386
6/21/2010,1.231
6/22/2010,1.2262
6/23/2010,1.2316
6/24/2010,1.2328
6/25/2010,1.2368
6/28/2010,1.228
6/29/2010,1.2184
6/30/2010,1.2231
7/1/2010,1.2515
7/2/2010,1.2565
7/6/2010,1.2626
7/7/2010,1.2632
7/8/2010,1.2689
7/9/2010,1.2639
7/12/2010,1.2589
7/13/2010,1.2725
7/14/2010,1.274
7/15/2010,1.2931
7/16/2010,1.2929
7/19/2010,1.2935
7/20/2010,1.2883
7/21/2010,1.2758
7/22/2010,1.2884
7/23/2010,1.2909
7/26/2010,1.2994
7/27/2010,1.2994
7/28/2010,1.2988
7/29/2010,1.3076
7/30/2010,1.3049
8/2/2010,1.3177
8/3/2010,1.3225
8/4/2010,1.316
8/5/2010,1.3182
8/6/2010,1.3287
8/9/2010,1.3225
8/10/2010,1.3175
8/11/2010,1.2834
8/12/2010,1.2824
8/13/2010,1.2757
8/16/2010,1.2818
8/17/2010,1.2876
8/18/2010,1.2858
8/19/2010,1.2818
8/20/2010,1.271
8/23/2010,1.2662
8/24/2010,1.2621
8/25/2010,1.2657
8/26/2010,1.2715
8/27/2010,1.2767
8/30/2010,1.2661
8/31/2010,1.2682
9/1/2010,1.2806
9/2/2010,1.2821
9/3/2010,1.2895
9/7/2010,1.2683
9/8/2010,1.2722
9/9/2010,1.2695
9/10/2010,1.2678
9/13/2010,1.2877
9/14/2010,1.2994
9/15/2010,1.3007
9/16/2010,1.3077
9/17/2010,1.3046
9/20/2010,1.3066
9/21/2010,1.3261
9/22/2010,1.3398
9/23/2010,1.3313
9/24/2010,1.3487
9/27/2010,1.3454
9/28/2010,1.358
9/29/2010,1.3624
9/30/2010,1.3632
10/1/2010,1.3791
10/4/2010,1.3681
10/5/2010,1.3833
10/6/2010,1.3934
10/7/2010,1.3925
10/8/2010,1.3936
10/11/2010,1.3872
10/12/2010,1.3922
10/13/2010,1.3958
10/14/2010,1.4078
10/15/2010,1.3974
10/18/2010,1.3944
10/19/2010,1.3732
10/20/2010,1.3966
10/21/2010,1.3922
10/22/2010,1.3953
10/25/2010,1.3968
10/26/2010,1.3856
10/27/2010,1.3761
10/28/2010,1.3924
10/29/2010,1.3945
11/1/2010,1.3896
11/2/2010,1.4038
11/3/2010,1.4142
11/4/2010,1.4209
11/5/2010,1.4029
11/8/2010,1.3914
11/9/2010,1.3774
11/10/2010,1.3782
11/11/2010,1.3662
11/12/2010,1.3688
11/15/2010,1.3582
11/16/2010,1.3493
11/17/2010,1.352
11/18/2010,1.3639
11/19/2010,1.3684
11/22/2010,1.3619
11/23/2010,1.3366
11/24/2010,1.3329
11/26/2010,1.3245
11/29/2010,1.3121
11/30/2010,1.2983
12/1/2010,1.314
12/2/2010,1.3224
12/3/2010,1.3408
12/6/2010,1.3301
12/7/2010,1.3263
12/8/2010,1.3262
12/9/2010,1.3245
12/10/2010,1.3227
12/13/2010,1.3387
12/14/2010,1.3384
12/15/2010,1.3208
12/16/2010,1.3233
12/17/2010,1.3183
12/20/2010,1.3122
12/21/2010,1.3095
12/22/2010,1.3098
12/23/2010,1.3115
12/27/2010,1.3163
12/28/2010,1.3118
12/29/2010,1.3222
12/30/2010,1.3282
12/31/2010,1.3368
1/3/2011,1.3353
1/4/2011,1.3305
1/5/2011,1.3149
1/6/2011,1.3012
1/7/2011,1.2911
1/10/2011,1.2947
1/11/2011,1.2973
1/12/2011,1.313
1/13/2011,1.3354
1/14/2011,1.3376
1/18/2011,1.3383
1/19/2011,1.3469
1/20/2011,1.347
1/21/2011,1.3615
1/24/2011,1.3641
1/25/2011,1.3688
1/26/2011,1.3699
1/27/2011,1.3724
1/28/2011,1.3613
1/31/2011,1.369
2/1/2011,1.383
2/2/2011,1.3802
2/3/2011,1.3631
2/4/2011,1.3589
2/7/2011,1.3584
2/8/2011,1.3631
2/9/2011,1.373
2/10/2011,1.3599
2/11/2011,1.3544
2/14/2011,1.3486
2/15/2011,1.3488
2/16/2011,1.3562
2/17/2011,1.3605
2/18/2011,1.3697
2/22/2011,1.3651
2/23/2011,1.3742
2/24/2011,1.3802
2/25/2011,1.3747
2/28/2011,1.3801
3/1/2011,1.3776
3/2/2011,1.3863
3/3/2011,1.3966
3/4/2011,1.3983
3/7/2011,1.3972
3/8/2011,1.3903
3/9/2011,1.3904
3/10/2011,1.3792
3/11/2011,1.3906
3/14/2011,1.3987
3/15/2011,1.3993
3/16/2011,1.3895
3/17/2011,1.4022
3/18/2011,1.4181
3/21/2011,1.4223
3/22/2011,1.4194
3/23/2011,1.4089
3/24/2011,1.4173
3/25/2011,1.4084
3/28/2011,1.4089
3/29/2011,1.4106
3/30/2011,1.4129
3/31/2011,1.4155
4/1/2011,1.4225
4/4/2011,1.422
4/5/2011,1.4223
4/6/2011,1.4328
4/7/2011,1.4308
4/8/2011,1.4472
4/11/2011,1.4431
4/12/2011,1.4479
4/13/2011,1.4437
4/14/2011,1.4488
4/15/2011,1.4431
4/18/2011,1.4234
4/19/2011,1.4337
4/20/2011,1.452
4/21/2011,1.455
4/25/2011,1.4571
4/26/2011,1.4635
4/27/2011,1.4783
4/28/2011,1.4821
4/29/2011,1.4808
5/2/2011,1.4826
5/3/2011,1.4822
5/4/2011,1.4826
5/5/2011,1.4536
5/6/2011,1.4339
5/9/2011,1.4356
5/10/2011,1.441
5/11/2011,1.4193
5/12/2011,1.4243
5/13/2011,1.4101
5/16/2011,1.4161
5/17/2011,1.4234
5/18/2011,1.4235
5/19/2011,1.4309
5/20/2011,1.4152
5/23/2011,1.4047
5/24/2011,1.4098
5/25/2011,1.4084
5/26/2011,1.4138
5/27/2011,1.4299
5/31/2011,1.4392
6/1/2011,1.4327
6/2/2011,1.4492
6/3/2011,1.4636
6/6/2011,1.4573
6/7/2011,1.469
6/8/2011,1.4577
6/9/2011,1.4504
6/10/2011,1.4336
6/13/2011,1.4415
6/14/2011,1.444
6/15/2011,1.418
6/16/2011,1.4211
6/17/2011,1.4304
6/20/2011,1.4302
6/21/2011,1.4405
6/22/2011,1.4352
6/23/2011,1.4259
6/24/2011,1.4185
6/27/2011,1.4278
6/28/2011,1.4369
6/29/2011,1.4432
6/30/2011,1.4501
7/1/2011,1.453
7/5/2011,1.4416
7/6/2011,1.4316
7/7/2011,1.436
7/8/2011,1.4263
7/11/2011,1.403
7/12/2011,1.3973
7/13/2011,1.4153
7/14/2011,1.4141
7/15/2011,1.4158
7/18/2011,1.4119
7/19/2011,1.4149
7/20/2011,1.421
7/21/2011,1.4417
7/22/2011,1.4356
7/25/2011,1.4377
7/26/2011,1.4508
7/27/2011,1.4364
7/28/2011,1.4323
7/29/2011,1.4384
8/1/2011,1.425
8/2/2011,1.4201
8/3/2011,1.4318
8/4/2011,1.4103
8/5/2011,1.4293
8/8/2011,1.4173
8/9/2011,1.4367
8/10/2011,1.4179
8/11/2011,1.4221
8/12/2011,1.4246
8/15/2011,1.4439
8/16/2011,1.4406
8/17/2011,1.4429
8/18/2011,1.4334
8/19/2011,1.44
8/22/2011,1.4355
8/23/2011,1.4433
8/24/2011,1.4413
8/25/2011,1.4379
8/26/2011,1.4489
8/29/2011,1.4509
8/30/2011,1.4441
8/31/2011,1.4374
9/1/2011,1.4262
9/2/2011,1.4199
9/6/2011,1.3995
9/7/2011,1.4099
9/8/2011,1.3876
9/9/2011,1.3651
9/12/2011,1.3676
9/13/2011,1.368
9/14/2011,1.375
9/15/2011,1.3879
9/16/2011,1.3785
9/19/2011,1.3691
9/20/2011,1.3695
9/21/2011,1.3568
9/22/2011,1.3473
9/23/2011,1.3505
9/26/2011,1.3526
9/27/2011,1.359
9/28/2011,1.3537
9/29/2011,1.359
9/30/2011,1.3389
10/3/2011,1.3184
10/4/2011,1.3344
10/5/2011,1.3338
10/6/2011,1.3433
10/7/2011,1.3372
10/10/2011,1.3644
10/11/2011,1.3635
10/12/2011,1.378
10/13/2011,1.3781
10/14/2011,1.3879
10/17/2011,1.3727
10/18/2011,1.3751
10/19/2011,1.3757
10/20/2011,1.3782
10/21/2011,1.3894
10/24/2011,1.3925
10/25/2011,1.3908
10/26/2011,1.3907
10/27/2011,1.4185
10/28/2011,1.4155
10/31/2011,1.3853
11/1/2011,1.3703
11/2/2011,1.374
11/3/2011,1.3821
11/4/2011,1.3781
11/7/2011,1.3769
11/8/2011,1.3834
11/9/2011,1.3548
11/10/2011,1.3606
11/11/2011,1.3754
11/14/2011,1.363
11/15/2011,1.3536
11/16/2011,1.3456
11/17/2011,1.3458
11/18/2011,1.3519
11/21/2011,1.3498
11/22/2011,1.3511
11/23/2011,1.3334
11/25/2011,1.3232
11/28/2011,1.3309
11/29/2011,1.3331
11/30/2011,1.3441
12/1/2011,1.3458
12/2/2011,1.3401
12/5/2011,1.3389
12/6/2011,1.3397
12/7/2011,1.3409
12/8/2011,1.3343
12/9/2011,1.3376
12/12/2011,1.3185
12/13/2011,1.3033
12/14/2011,1.2977
12/15/2011,1.3016
12/16/2011,1.3034
12/19/2011,1.2993
12/20/2011,1.3081
12/21/2011,1.3038
12/22/2011,1.3047
12/23/2011,1.3038
12/27/2011,1.3065
12/28/2011,1.2939
12/29/2011,1.2959
12/30/2011,1.294
1/3/2012,1.3044
1/4/2012,1.2943
1/5/2012,1.2779
1/6/2012,1.2717
1/9/2012,1.2763
1/10/2012,1.2775
1/11/2012,1.2705
1/12/2012,1.282
1/13/2012,1.2681
1/17/2012,1.2738
1/18/2012,1.286
1/19/2012,1.2962
1/20/2012,1.2933
1/23/2012,1.3026
1/24/2012,1.302
1/25/2012,1.3106
1/26/2012,1.3103
1/27/2012,1.3215
1/30/2012,1.3134
1/31/2012,1.3077
2/1/2012,1.3159
2/2/2012,1.3143
2/3/2012,1.3141
2/6/2012,1.3123
2/7/2012,1.3262
2/8/2012,1.3255
2/9/2012,1.3285
2/10/2012,1.3177
2/13/2012,1.3192
2/14/2012,1.3118
2/15/2012,1.3067
2/16/2012,1.3133
2/17/2012,1.3152
2/21/2012,1.3236
2/22/2012,1.3243
2/23/2012,1.3371
2/24/2012,1.3455
2/27/2012,1.3394
2/28/2012,1.3466
2/29/2012,1.3324
3/1/2012,1.3312
3/2/2012,1.3204
3/5/2012,1.3212
3/6/2012,1.3111
3/7/2012,1.3152
3/8/2012,1.3273
3/9/2012,1.3109
3/12/2012,1.3155
3/13/2012,1.3082
3/14/2012,1.3028
3/15/2012,1.3081
3/16/2012,1.3173
3/19/2012,1.3239
3/20/2012,1.3224
3/21/2012,1.3215
3/22/2012,1.3196
3/23/2012,1.3267
3/26/2012,1.3356
3/27/2012,1.3312
3/28/2012,1.3314
3/29/2012,1.3301
3/30/2012,1.3344
4/2/2012,1.3321
4/3/2012,1.3233
4/4/2012,1.3139
4/5/2012,1.3066
4/9/2012,1.3107
4/10/2012,1.3081
4/11/2012,1.3107
4/12/2012,1.3188
4/13/2012,1.3072
4/16/2012,1.3141
4/17/2012,1.3124
4/18/2012,1.3119
4/19/2012,1.3136
4/20/2012,1.3221
4/23/2012,1.316
4/24/2012,1.319
4/25/2012,1.3216
4/26/2012,1.3238
4/27/2012,1.3246
4/30/2012,1.3239
5/1/2012,1.3234
5/2/2012,1.3159
5/3/2012,1.3149
5/4/2012,1.3085
5/7/2012,1.305
5/8/2012,1.3002
5/9/2012,1.2935
5/10/2012,1.2937
5/11/2012,1.2918
5/14/2012,1.2824
5/15/2012,1.2728
5/16/2012,1.2718
5/17/2012,1.2691
5/18/2012,1.2769
5/21/2012,1.2814
5/22/2012,1.2684
5/23/2012,1.2579
5/24/2012,1.2526
5/25/2012,1.2514
5/29/2012,1.249
5/30/2012,1.2366
5/31/2012,1.2361
6/1/2012,1.2424
6/4/2012,1.2494
6/5/2012,1.245
6/6/2012,1.2578
6/7/2012,1.2558
6/8/2012,1.2515
6/11/2012,1.248
6/12/2012,1.2502
6/13/2012,1.2555
6/14/2012,1.2632
6/15/2012,1.2653
6/18/2012,1.2572
6/19/2012,1.2685
6/20/2012,1.2701
6/21/2012,1.2542
6/22/2012,1.2569
6/25/2012,1.2499
6/26/2012,1.2495
6/27/2012,1.2466
6/28/2012,1.2439
6/29/2012,1.2655
7/2/2012,1.2579
7/3/2012,1.2606
7/5/2012,1.2391
7/6/2012,1.229
7/9/2012,1.2315
7/10/2012,1.225
7/11/2012,1.2237
7/12/2012,1.22
7/13/2012,1.2245
7/16/2012,1.2272
7/17/2012,1.2295
7/18/2012,1.2281
7/19/2012,1.228
7/20/2012,1.216
7/23/2012,1.2136
7/24/2012,1.2062
7/25/2012,1.2152
7/26/2012,1.228
7/27/2012,1.2317
7/30/2012,1.2258
7/31/2012,1.23
8/1/2012,1.2224
8/2/2012,1.2175
8/3/2012,1.2382
8/6/2012,1.2401
8/7/2012,1.24
8/8/2012,1.2363
8/9/2012,1.2302
8/10/2012,1.2288
8/13/2012,1.2331
8/14/2012,1.2321
8/15/2012,1.2284
8/16/2012,1.2357
8/17/2012,1.2328
8/20/2012,1.2344
8/21/2012,1.2471
8/22/2012,1.2521
8/23/2012,1.256
8/24/2012,1.2513
8/27/2012,1.2496
8/28/2012,1.2563
8/29/2012,1.2526
8/30/2012,1.2502
8/31/2012,1.2573
9/4/2012,1.256
9/5/2012,1.2602
9/6/2012,1.2631
9/7/2012,1.2813
9/10/2012,1.2757
9/11/2012,1.2853
9/12/2012,1.2901
9/13/2012,1.2989
9/14/2012,1.3125
9/17/2012,1.311
9/18/2012,1.3044
9/19/2012,1.3048
9/20/2012,1.2964
9/21/2012,1.2986
9/24/2012,1.2928
9/25/2012,1.2902
9/26/2012,1.287
9/27/2012,1.2913
9/28/2012,1.2847
10/1/2012,1.2885
10/2/2012,1.292
10/3/2012,1.2903
10/4/2012,1.3017
10/5/2012,1.3031
10/8/2012,1.2966
10/9/2012,1.2878
10/10/2012,1.2887
10/11/2012,1.2924
10/12/2012,1.2957
10/15/2012,1.295
10/16/2012,1.3056
10/17/2012,1.3118
10/18/2012,1.3065
10/19/2012,1.3025
10/22/2012,1.3059
10/23/2012,1.2981
10/24/2012,1.297
10/25/2012,1.2928
10/26/2012,1.2935
10/29/2012,1.2899
10/30/2012,1.2957
10/31/2012,1.2957
11/1/2012,1.2942
11/2/2012,1.283
11/5/2012,1.2791
11/6/2012,1.2813
11/7/2012,1.2769
11/8/2012,1.275
11/9/2012,1.2709
11/12/2012,1.2707
11/13/2012,1.2705
11/14/2012,1.2735
11/15/2012,1.2779
11/16/2012,1.2741
11/19/2012,1.2813
11/20/2012,1.2815
11/21/2012,1.2825
11/23/2012,1.2977
11/26/2012,1.2971
11/27/2012,1.2939
11/28/2012,1.294
11/29/2012,1.2971
11/30/2012,1.2997
12/3/2012,1.3053
12/4/2012,1.3093
12/5/2012,1.3067
12/6/2012,1.2971
12/7/2012,1.2925
12/10/2012,1.2942
12/11/2012,1.3002
12/12/2012,1.3074
12/13/2012,1.3073
12/14/2012,1.3162
12/17/2012,1.3161
12/18/2012,1.3225
12/19/2012,1.3229
12/20/2012,1.3242
12/21/2012,1.3181
12/24/2012,1.3188
12/26/2012,1.322
12/27/2012,1.3233
12/28/2012,1.3215
12/31/2012,1.3188
1/2/2013,1.3182
1/3/2013,1.305
1/4/2013,1.3072
1/7/2013,1.3116
1/8/2013,1.308
1/9/2013,1.3061
1/10/2013,1.3258
1/11/2013,1.3343
1/14/2013,1.3372
1/15/2013,1.3304
1/16/2013,1.3287
1/17/2013,1.3376
1/18/2013,1.3313
1/22/2013,1.332
1/23/2013,1.3319
1/24/2013,1.3377
1/25/2013,1.3455
1/28/2013,1.3455
1/29/2013,1.3493
1/30/2013,1.3565
1/31/2013,1.3577
2/1/2013,1.3646
2/4/2013,1.3513
2/5/2013,1.3584
2/6/2013,1.3519
2/7/2013,1.3395
2/8/2013,1.3365
2/11/2013,1.3404
2/12/2013,1.3454
2/13/2013,1.3448
2/14/2013,1.3355
2/15/2013,1.3362
2/19/2013,1.339
2/20/2013,1.3282
2/21/2013,1.3186
2/22/2013,1.3184
2/25/2013,1.3079
2/26/2013,1.3058
2/27/2013,1.3139
2/28/2013,1.306
3/1/2013,1.3021
3/4/2013,1.3027
3/5/2013,1.3047
3/6/2013,1.2976
3/7/2013,1.3103
3/8/2013,1.2998
3/11/2013,1.3047
3/12/2013,1.3034
3/13/2013,1.2958
3/14/2013,1.3
3/15/2013,1.3068
3/18/2013,1.2954
3/19/2013,1.2879
3/20/2013,1.2933
3/21/2013,1.2898
3/22/2013,1.2987
3/25/2013,1.2852
3/26/2013,1.2861
3/27/2013,1.2779
3/28/2013,1.2814
4/1/2013,1.285
4/2/2013,1.2818
4/3/2013,1.2845
4/4/2013,1.2934
4/5/2013,1.2996
4/8/2013,1.3007
4/9/2013,1.3079
4/10/2013,1.3069
4/11/2013,1.3102
4/12/2013,1.3107
4/15/2013,1.3034
4/16/2013,1.3175
4/17/2013,1.3028
4/18/2013,1.305
4/19/2013,1.3053
4/22/2013,1.3064
4/23/2013,1.3002
4/24/2013,1.3014
4/25/2013,1.3009
4/26/2013,1.3028
4/29/2013,1.3099
4/30/2013,1.3166
5/1/2013,1.318
5/2/2013,1.3063
5/3/2013,1.3113
5/6/2013,1.3075
5/7/2013,1.3079
5/8/2013,1.3152
5/9/2013,1.3042
5/10/2013,1.2989
5/13/2013,1.2977
5/14/2013,1.2918
5/15/2013,1.2885
5/16/2013,1.2881
5/17/2013,1.2834
5/20/2013,1.2882
5/21/2013,1.2905
5/22/2013,1.2859
5/23/2013,1.2935
5/24/2013,1.2935
5/28/2013,1.2854
5/29/2013,1.2938
5/30/2013,1.3048
5/31/2013,1.2995
6/3/2013,1.3076
6/4/2013,1.308
6/5/2013,1.3093
6/6/2013,1.3246
6/7/2013,1.3214
6/10/2013,1.3256
6/11/2013,1.3313
6/12/2013,1.3337
6/13/2013,1.3374
6/14/2013,1.3343
6/17/2013,1.3367
6/18/2013,1.3395
6/19/2013,1.3295
6/20/2013,1.3218
6/21/2013,1.3121
6/24/2013,1.3118
6/25/2013,1.3083
6/26/2013,1.3011
6/27/2013,1.3036
6/28/2013,1.301
7/1/2013,1.3061
7/2/2013,1.2979
7/3/2013,1.3009
7/5/2013,1.2829
7/8/2013,1.2869
7/9/2013,1.278
7/10/2013,1.2976
7/11/2013,1.3092
7/12/2013,1.3067
7/15/2013,1.3063
7/16/2013,1.3163
7/17/2013,1.3125
7/18/2013,1.3108
7/19/2013,1.3138
7/22/2013,1.3186
7/23/2013,1.3222
7/24/2013,1.3198
7/25/2013,1.3276
7/26/2013,1.3279
7/29/2013,1.3263
7/30/2013,1.3262
7/31/2013,1.33
8/1/2013,1.3209
8/2/2013,1.328
8/5/2013,1.3258
8/6/2013,1.3305
8/7/2013,1.3336
8/8/2013,1.3379
8/9/2013,1.3342
8/12/2013,1.3298
8/13/2013,1.3263
8/14/2013,1.3254
8/15/2013,1.3343
8/16/2013,1.3326
8/19/2013,1.3333
8/20/2013,1.3416
8/21/2013,1.3354
8/22/2013,1.3355
8/23/2013,1.3378
8/26/2013,1.3368
8/27/2013,1.3391
8/28/2013,1.3339
8/29/2013,1.3237
8/30/2013,1.3221
9/3/2013,1.3172
9/4/2013,1.3206
9/5/2013,1.3117
9/6/2013,1.3177
9/9/2013,1.3252
9/10/2013,1.3267
9/11/2013,1.331
9/12/2013,1.3299
9/13/2013,1.3301
9/16/2013,1.3334
9/17/2013,1.3355
9/18/2013,1.3523
9/19/2013,1.3529
9/20/2013,1.3522
9/23/2013,1.3492
9/24/2013,1.3472
9/25/2013,1.3525
9/26/2013,1.3488
9/27/2013,1.352
9/30/2013,1.3522
10/1/2013,1.3527
10/2/2013,1.358
10/3/2013,1.3618
10/4/2013,1.3553
10/7/2013,1.358
10/8/2013,1.3571
10/9/2013,1.3522
10/10/2013,1.3518
10/11/2013,1.354
10/14/2013,1.356
10/15/2013,1.3524
10/16/2013,1.3529
10/17/2013,1.3675
10/18/2013,1.3685
10/21/2013,1.3677
10/22/2013,1.3781
10/23/2013,1.3776
10/24/2013,1.3799
10/25/2013,1.3804
10/28/2013,1.3784
10/29/2013,1.3745
10/30/2013,1.3735
10/31/2013,1.3584
11/1/2013,1.349
11/4/2013,1.3513
11/5/2013,1.3474
11/6/2013,1.3514
11/7/2013,1.3416
11/8/2013,1.3363
11/11/2013,1.3404
11/12/2013,1.3434
11/13/2013,1.3488
11/14/2013,1.3455
11/15/2013,1.3493
11/18/2013,1.3506
11/19/2013,1.3538
11/20/2013,1.3441
11/21/2013,1.3478
11/22/2013,1.3554
11/25/2013,1.3517
11/26/2013,1.3573
11/27/2013,1.3577
11/29/2013,1.3589
12/2/2013,1.3541
12/3/2013,1.3588
12/4/2013,1.3593
12/5/2013,1.3665
12/6/2013,1.3704
12/9/2013,1.3739
12/10/2013,1.376
12/11/2013,1.3786
12/12/2013,1.3751
12/13/2013,1.3736
12/16/2013,1.3761
12/17/2013,1.3764
12/18/2013,1.3685
12/19/2013,1.3662
12/20/2013,1.3673
12/23/2013,1.3694
12/24/2013,1.3677
12/26/2013,1.369
12/27/2013,1.3741
12/30/2013,1.3799
12/31/2013,1.375
1/2/2014,1.3669
1/3/2014,1.3587
1/6/2014,1.3627
1/7/2014,1.3614
1/8/2014,1.3577
1/9/2014,1.3603
1/10/2014,1.3666
1/13/2014,1.367
1/14/2014,1.3676
1/15/2014,1.3603
1/16/2014,1.362
1/17/2014,1.3536
1/21/2014,1.356
1/22/2014,1.3546
1/23/2014,1.3694
1/24/2014,1.3676
1/27/2014,1.3673
1/28/2014,1.3669
1/29/2014,1.3664
1/30/2014,1.3554
1/31/2014,1.3487
2/3/2014,1.3529
2/4/2014,1.3516
2/5/2014,1.3531
2/6/2014,1.359
2/7/2014,1.3634
2/10/2014,1.3643
2/11/2014,1.3636
2/12/2014,1.3593
2/13/2014,1.3679
2/14/2014,1.3691
2/18/2014,1.3757
2/19/2014,1.3732
2/20/2014,1.3719
2/21/2014,1.3736
2/24/2014,1.3734
2/25/2014,1.3743
2/26/2014,1.3686
2/27/2014,1.3709
2/28/2014,1.3798
3/3/2014,1.3733
3/4/2014,1.3741
3/5/2014,1.3733
3/6/2014,1.3859
3/7/2014,1.3872
3/10/2014,1.3876
3/11/2014,1.3859
3/12/2014,1.3903
3/13/2014,1.3867
3/14/2014,1.3908
3/17/2014,1.3922
3/18/2014,1.3933
3/19/2014,1.383
3/20/2014,1.3777
3/21/2014,1.3792
3/24/2014,1.3838
3/25/2014,1.3824
3/26/2014,1.3782
3/27/2014,1.3741
3/28/2014,1.3752
3/31/2014,1.3772
4/1/2014,1.3792
4/2/2014,1.3766
4/3/2014,1.3718
4/4/2014,1.3701
4/7/2014,1.374
4/8/2014,1.3796
4/9/2014,1.3854
4/10/2014,1.3887
4/11/2014,1.3884
4/14/2014,1.3819
4/15/2014,1.3813
4/16/2014,1.3815
4/17/2014,1.3813
4/21/2014,1.3793
4/22/2014,1.3804
4/23/2014,1.3817
4/24/2014,1.3831
4/25/2014,1.3833
4/28/2014,1.3849
4/29/2014,1.3811
4/30/2014,1.3866
5/1/2014,1.3867
5/2/2014,1.3872
5/5/2014,1.3874
5/6/2014,1.3927
5/7/2014,1.391
5/8/2014,1.3838
5/9/2014,1.3758
5/12/2014,1.3755
5/13/2014,1.3701
5/14/2014,1.3714
5/15/2014,1.371
5/16/2014,1.3692
5/19/2014,1.3708
5/20/2014,1.3702
5/21/2014,1.3685
5/22/2014,1.3655
5/23/2014,1.363
5/27/2014,1.3635
5/28/2014,1.359
5/29/2014,1.3601
5/30/2014,1.3631
6/2/2014,1.3595
6/3/2014,1.3627
6/4/2014,1.3597
6/5/2014,1.3659
6/6/2014,1.3643
6/9/2014,1.3591
6/10/2014,1.3546
6/11/2014,1.3529
6/12/2014,1.3549
6/13/2014,1.3536
6/16/2014,1.3572
6/17/2014,1.3546
6/18/2014,1.3594
6/19/2014,1.3606
6/20/2014,1.36
6/23/2014,1.3602
6/24/2014,1.3605
6/25/2014,1.3627
6/26/2014,1.361
6/27/2014,1.3646
6/30/2014,1.3691
7/1/2014,1.3679
7/2/2014,1.3658
7/3/2014,1.3608
7/7/2014,1.3603
7/8/2014,1.3609
7/9/2014,1.3641
7/10/2014,1.3608
7/11/2014,1.3608
7/14/2014,1.3618
7/15/2014,1.3568
7/16/2014,1.3525
7/17/2014,1.3526
7/18/2014,1.3524
7/21/2014,1.3523
7/22/2014,1.3465
7/23/2014,1.3462
7/24/2014,1.3461
7/25/2014,1.3429
7/28/2014,1.3438
7/29/2014,1.3407
7/30/2014,1.3395
7/31/2014,1.3388
8/1/2014,1.3429
8/4/2014,1.342
8/5/2014,1.3375
8/6/2014,1.3382
8/7/2014,1.3362
8/8/2014,1.3385
8/11/2014,1.3383
8/12/2014,1.3368
8/13/2014,1.3362
8/14/2014,1.3365
8/15/2014,1.3397
8/18/2014,1.3362
8/19/2014,1.3319
8/20/2014,1.326
8/21/2014,1.3281
8/22/2014,1.324
8/25/2014,1.3194
8/26/2014,1.3168
8/27/2014,1.3192
8/28/2014,1.3181
8/29/2014,1.3134
9/2/2014,1.3132
9/3/2014,1.315
9/4/2014,1.2943
9/5/2014,1.2953
9/8/2014,1.2894
9/9/2014,1.2938
9/10/2014,1.2916
9/11/2014,1.2919
9/12/2014,1.296
9/15/2014,1.294
9/16/2014,1.2957
9/17/2014,1.2862
9/18/2014,1.2922
9/19/2014,1.2831
9/22/2014,1.2849
9/23/2014,1.2849
9/24/2014,1.2779
9/25/2014,1.275
9/26/2014,1.268
9/29/2014,1.2685
9/30/2014,1.263
10/1/2014,1.2624
10/2/2014,1.2668
10/3/2014,1.2514
10/6/2014,1.2653
10/7/2014,1.2668
10/8/2014,1.2733
10/9/2014,1.2689
10/10/2014,1.2622
10/13/2014,1.2745
10/14/2014,1.266
10/15/2014,1.2837
10/16/2014,1.2808
10/17/2014,1.2758
10/20/2014,1.2799
10/21/2014,1.2715
10/22/2014,1.2644
10/23/2014,1.2646
10/24/2014,1.2668
10/27/2014,1.2696
10/28/2014,1.2732
10/29/2014,1.2632
10/30/2014,1.2612
10/31/2014,1.2524
11/3/2014,1.2482
11/4/2014,1.2545
11/5/2014,1.2485
11/6/2014,1.2373
11/7/2014,1.2451
11/10/2014,1.2419
11/11/2014,1.2472
11/12/2014,1.2438
11/13/2014,1.2473
11/14/2014,1.2521
11/17/2014,1.2449
11/18/2014,1.2534
11/19/2014,1.2552
11/20/2014,1.2539
11/21/2014,1.2391
11/24/2014,1.244
11/25/2014,1.2473
11/26/2014,1.2506
11/28/2014,1.2448
12/1/2014,1.2469
12/2/2014,1.2381
12/3/2014,1.231
12/4/2014,1.2379
12/5/2014,1.2285
12/8/2014,1.2317
12/9/2014,1.2373
12/10/2014,1.2446
12/11/2014,1.241
12/12/2014,1.2456
12/15/2014,1.2437
12/16/2014,1.2508
12/17/2014,1.2343
12/18/2014,1.2285
12/19/2014,1.2228
12/22/2014,1.2228
12/23/2014,1.2171
12/24/2014,1.2194
12/26/2014,1.2175
12/29/2014,1.2154
12/30/2014,1.2156
12/31/2014,1.2097
1/2/2015,1.2
1/5/2015,1.1932
1/6/2015,1.1891
1/7/2015,1.1839
1/8/2015,1.1794
1/9/2015,1.1839
1/12/2015,1.1833
1/13/2015,1.1772
1/14/2015,1.1786
1/15/2015,1.163
1/16/2015,1.1567
1/20/2015,1.1548
1/21/2015,1.1609
1/22/2015,1.1364
1/23/2015,1.1207
1/26/2015,1.1238
1/27/2015,1.138
1/28/2015,1.1286
1/29/2015,1.1319
1/30/2015,1.1283
2/2/2015,1.1337
2/3/2015,1.1477
2/4/2015,1.1342
2/5/2015,1.1475
2/6/2015,1.1312
2/9/2015,1.1323
2/10/2015,1.1317
2/11/2015,1.1333
2/12/2015,1.1402
2/13/2015,1.1389
2/17/2015,1.1409
2/18/2015,1.1396
2/19/2015,1.1366
2/20/2015,1.1379
2/23/2015,1.1334
2/24/2015,1.1339
2/25/2015,1.136
2/26/2015,1.1197
2/27/2015,1.1193
3/2/2015,1.1182
3/3/2015,1.1175
3/4/2015,1.1078
3/5/2015,1.1028
3/6/2015,1.0843
3/9/2015,1.0847
3/10/2015,1.0698
3/11/2015,1.0545
3/12/2015,1.0634
3/13/2015,1.0493
3/16/2015,1.0563
3/17/2015,1.0594
3/18/2015,1.0869
3/19/2015,1.0654
3/20/2015,1.0817
3/23/2015,1.0946
3/24/2015,1.0923
3/25/2015,1.0969
3/26/2015,1.0882
3/27/2015,1.089
3/30/2015,1.0832
3/31/2015,1.0738
4/1/2015,1.0761
4/2/2015,1.0879
4/6/2015,1.0923
4/7/2015,1.0815
4/8/2015,1.0779
4/9/2015,1.0658
4/10/2015,1.0603
4/13/2015,1.0564
4/14/2015,1.0652
4/15/2015,1.0685
4/16/2015,1.076
4/17/2015,1.0808
4/20/2015,1.0736
4/21/2015,1.0734
4/22/2015,1.0724
4/23/2015,1.0823
4/24/2015,1.087
4/27/2015,1.0887
4/28/2015,1.0981
4/29/2015,1.1125
4/30/2015,1.1221
5/1/2015,1.1198
5/4/2015,1.1148
5/5/2015,1.1184
5/6/2015,1.1347
5/7/2015,1.1265
5/8/2015,1.1209
5/11/2015,1.1153
5/12/2015,1.1213
5/13/2015,1.1351
5/14/2015,1.1407
5/15/2015,1.1445
5/18/2015,1.1313
5/19/2015,1.1148
5/20/2015,1.1095
5/21/2015,1.1112
5/22/2015,1.1015
5/26/2015,1.0874
5/27/2015,1.0904
5/28/2015,1.0949
5/29/2015,1.0986
6/1/2015,1.0927
6/2/2015,1.1151
6/3/2015,1.1275
6/4/2015,1.1238
6/5/2015,1.1114
6/8/2015,1.1291
6/9/2015,1.1283
6/10/2015,1.1324
6/11/2015,1.1258
6/12/2015,1.1266
6/15/2015,1.1283
6/16/2015,1.1248
6/17/2015,1.1337
6/18/2015,1.1359
6/19/2015,1.1352
6/22/2015,1.1341
6/23/2015,1.1167
6/24/2015,1.1205
6/25/2015,1.1205
6/26/2015,1.1167
6/29/2015,1.1236
6/30/2015,1.1147
7/1/2015,1.1053
7/2/2015,1.1084
7/3/2015,1.1114
7/6/2015,1.1056
7/7/2015,1.1011
7/8/2015,1.1077
7/9/2015,1.1036
7/10/2015,1.1162
7/13/2015,1.1002
7/14/2015,1.1009
7/15/2015,1.095
7/16/2015,1.0875
7/17/2015,1.083
7/20/2015,1.0825
7/21/2015,1.0935
7/22/2015,1.0929
7/23/2015,1.0984
7/24/2015,1.0984
7/27/2015,1.1088
7/28/2015,1.106
7/29/2015,1.0984
7/30/2015,1.0932
7/31/2015,1.0984
8/3/2015,1.095
8/4/2015,1.0881
8/5/2015,1.0906
8/6/2015,1.0925
8/7/2015,1.0967
8/10/2015,1.1019
8/11/2015,1.1042
8/12/2015,1.1159
8/13/2015,1.115
8/14/2015,1.1109
8/17/2015,1.1078
8/18/2015,1.1024
8/19/2015,1.112
8/20/2015,1.1242
8/21/2015,1.1386
8/24/2015,1.1619
8/25/2015,1.1517
8/26/2015,1.1314
8/27/2015,1.1246
8/28/2015,1.1185
8/31/2015,1.1211
9/1/2015,1.1315
9/2/2015,1.1227
9/3/2015,1.1123
9/4/2015,1.1149
9/7/2015,1.117
9/8/2015,1.1203
9/9/2015,1.1207
9/10/2015,1.128
9/11/2015,1.1338
9/14/2015,1.1317
9/15/2015,1.1269
9/16/2015,1.129
9/17/2015,1.1435
9/18/2015,1.1298
9/21/2015,1.119
9/22/2015,1.112
9/23/2015,1.1186
9/24/2015,1.123
9/25/2015,1.1195
9/28/2015,1.1244
9/29/2015,1.1249
9/30/2015,1.1177
10/1/2015,1.1195
10/2/2015,1.1216
10/5/2015,1.1188
10/6/2015,1.1272
10/7/2015,1.1237
10/8/2015,1.1276
10/9/2015,1.1358
10/12/2015,1.1358
10/13/2015,1.1379
10/14/2015,1.1474
10/15/2015,1.1386
10/16/2015,1.1348
10/19/2015,1.1327
10/20/2015,1.1346
10/21/2015,1.1339
10/22/2015,1.1109
10/23/2015,1.1018
10/26/2015,1.1058
10/27/2015,1.1051
10/28/2015,1.0923
10/29/2015,1.0977
10/30/2015,1.1006
11/2/2015,1.1016
11/3/2015,1.0964
11/4/2015,1.0866
11/5/2015,1.0884
11/6/2015,1.0741
11/9/2015,1.0752
11/10/2015,1.0724
11/11/2015,1.0743
11/12/2015,1.0814
11/13/2015,1.0773
11/16/2015,1.0686
11/17/2015,1.0642
11/18/2015,1.066
11/19/2015,1.0734
11/20/2015,1.0646
11/23/2015,1.0636
11/24/2015,1.0643
11/25/2015,1.0624
11/26/2015,1.061
11/27/2015,1.0593
11/30/2015,1.0565
12/1/2015,1.0633
12/2/2015,1.0615
12/3/2015,1.094
12/4/2015,1.0881
12/7/2015,1.0837
12/8/2015,1.0892
12/9/2015,1.1025
12/10/2015,1.0941
12/11/2015,1.0986
12/14/2015,1.0992
12/15/2015,1.0931
12/16/2015,1.0912
12/17/2015,1.0826
12/18/2015,1.0868
12/21/2015,1.0915
12/22/2015,1.0957
12/23/2015,1.0912
12/24/2015,1.0963
12/25/2015,1.096
12/28/2015,1.0968
12/29/2015,1.092
12/30/2015,1.0933
12/31/2015,1.0862
1/1/2016,1.0856
1/4/2016,1.0831
1/5/2016,1.0748
1/6/2016,1.0781
1/7/2016,1.0932
1/8/2016,1.0922
1/11/2016,1.0859
1/12/2016,1.0858
1/13/2016,1.0877
1/14/2016,1.0865
1/15/2016,1.0916
1/18/2016,1.0892
1/19/2016,1.0908
1/20/2016,1.089
1/21/2016,1.0874
1/22/2016,1.0796
1/25/2016,1.0849
1/26/2016,1.087
1/27/2016,1.0893
1/28/2016,1.094
1/29/2016,1.0831
2/1/2016,1.0888
2/2/2016,1.0919
2/3/2016,1.1105
2/4/2016,1.1209
2/5/2016,1.1158
2/8/2016,1.1193
2/9/2016,1.1293
2/10/2016,1.1292
2/11/2016,1.1323
2/12/2016,1.1256
2/15/2016,1.1156
2/16/2016,1.1144
2/17/2016,1.1128
2/18/2016,1.1107
2/19/2016,1.113
2/22/2016,1.103
2/23/2016,1.102
2/24/2016,1.1013
2/25/2016,1.1018
2/26/2016,1.0934
2/29/2016,1.0873
3/1/2016,1.0868
3/2/2016,1.0868
3/3/2016,1.0957
3/4/2016,1.1005
3/7/2016,1.1014
3/8/2016,1.1011
3/9/2016,1.0999
3/10/2016,1.1177
3/11/2016,1.1156
3/14/2016,1.1103
3/15/2016,1.1109
3/16/2016,1.1224
3/17/2016,1.1318
3/18/2016,1.127
3/21/2016,1.1241
3/22/2016,1.1217
3/23/2016,1.1181
3/24/2016,1.1174
3/25/2016,1.1167
3/28/2016,1.1196
3/29/2016,1.1291
3/30/2016,1.1338
3/31/2016,1.138
4/1/2016,1.1391
4/4/2016,1.1391
4/5/2016,1.1384
4/6/2016,1.1399
4/7/2016,1.1378
4/8/2016,1.1399
4/11/2016,1.1408
4/12/2016,1.1386
4/13/2016,1.1274
4/14/2016,1.1268
4/15/2016,1.1284
4/18/2016,1.1313
4/19/2016,1.1358
4/20/2016,1.1297
4/21/2016,1.1288
4/22/2016,1.1222
4/25/2016,1.1268
4/26/2016,1.1297
4/27/2016,1.1322
4/28/2016,1.1352
4/29/2016,1.1451
5/2/2016,1.1534
5/3/2016,1.1496
5/4/2016,1.1487
5/5/2016,1.1405
5/6/2016,1.1404
5/9/2016,1.1383
5/10/2016,1.1372
5/11/2016,1.1426
5/12/2016,1.1377
5/13/2016,1.1309
5/16/2016,1.1321
5/17/2016,1.1313
5/18/2016,1.1216
5/19/2016,1.1203
5/20/2016,1.1224
5/23/2016,1.122
5/24/2016,1.1141
5/25/2016,1.1155
5/26/2016,1.1194
5/27/2016,1.1115
5/30/2016,1.1138
5/31/2016,1.1132
6/1/2016,1.1188
6/2/2016,1.1151
6/3/2016,1.1367
6/6/2016,1.1355
6/7/2016,1.1358
6/8/2016,1.1395
6/9/2016,1.1316
6/10/2016,1.1251
6/13/2016,1.1292
6/14/2016,1.1207
6/15/2016,1.126
6/16/2016,1.1225
6/17/2016,1.1277
6/20/2016,1.1314
6/21/2016,1.1242
6/22/2016,1.1296
6/23/2016,1.1385
6/24/2016,1.1117
6/27/2016,1.1025
6/28/2016,1.1065
6/29/2016,1.1125
6/30/2016,1.1106
7/1/2016,1.1136
7/4/2016,1.1154
7/5/2016,1.1076
7/6/2016,1.11
7/7/2016,1.1063
7/8/2016,1.1051
7/11/2016,1.1058
7/12/2016,1.1061
7/13/2016,1.109
7/14/2016,1.112
7/15/2016,1.1035
7/18/2016,1.1075
7/19/2016,1.1021
7/20/2016,1.1015
7/21/2016,1.1026
7/22/2016,1.0977
7/25/2016,1.0995
7/26/2016,1.0986
7/27/2016,1.1058
7/28/2016,1.1077
7/29/2016,1.1174
8/1/2016,1.1163
8/2/2016,1.1224
8/3/2016,1.1149
8/4/2016,1.113
8/5/2016,1.1086
8/8/2016,1.1088
8/9/2016,1.1117
8/10/2016,1.1176
8/11/2016,1.1137
8/12/2016,1.1162
8/15/2016,1.1184
8/16/2016,1.1279
8/17/2016,1.1289
8/18/2016,1.1354
8/19/2016,1.1325
8/22/2016,1.132
8/23/2016,1.1305
8/24/2016,1.1264
8/25/2016,1.1285
8/26/2016,1.1198
8/29/2016,1.1189
8/30/2016,1.1143
8/31/2016,1.1158
9/1/2016,1.1197
9/2/2016,1.1156
9/5/2016,1.1147
9/6/2016,1.1255
9/7/2016,1.1239
9/8/2016,1.126
9/9/2016,1.1233
9/12/2016,1.1235
9/13/2016,1.122
9/14/2016,1.125
9/15/2016,1.1244
9/16/2016,1.1155
9/19/2016,1.1175
9/20/2016,1.1151
9/21/2016,1.1189
9/22/2016,1.1208
9/23/2016,1.1226
9/26/2016,1.1254
9/27/2016,1.1215
9/28/2016,1.1217
9/29/2016,1.1222
9/30/2016,1.1235
10/3/2016,1.1211
10/4/2016,1.1204
10/5/2016,1.1205
10/6/2016,1.1151
10/7/2016,1.1201
10/10/2016,1.1139
10/11/2016,1.1054
10/12/2016,1.1007
10/13/2016,1.1056
10/14/2016,1.0972
10/17/2016,1.1
10/18/2016,1.0981
10/19/2016,1.0974
10/20/2016,1.0929
10/21/2016,1.0884
10/24/2016,1.0882
10/25/2016,1.0889
10/26/2016,1.0908
10/27/2016,1.0897
10/28/2016,1.0985
10/31/2016,1.0981
11/1/2016,1.1055
11/2/2016,1.1098
11/3/2016,1.1105
11/4/2016,1.1141
11/7/2016,1.1041
11/8/2016,1.1026
11/9/2016,1.091
11/10/2016,1.0893
11/11/2016,1.0855
11/14/2016,1.0737
11/15/2016,1.0722
11/16/2016,1.0691
11/17/2016,1.0626
11/18/2016,1.0588
11/21/2016,1.063
11/22/2016,1.0627
11/23/2016,1.0553
11/24/2016,1.0554
11/25/2016,1.0589
11/28/2016,1.0614
11/29/2016,1.065
11/30/2016,1.0589
12/1/2016,1.0661
12/2/2016,1.0664
12/5/2016,1.0764
12/6/2016,1.0718
12/7/2016,1.0753
12/8/2016,1.0615
12/9/2016,1.0561
12/12/2016,1.0635
12/13/2016,1.0626
12/14/2016,1.0536
12/15/2016,1.0414
12/16/2016,1.0451
12/19/2016,1.0402
12/20/2016,1.0388
12/21/2016,1.0424
12/22/2016,1.0437
12/23/2016,1.0456
12/26/2016,1.0455
12/27/2016,1.0457
12/28/2016,1.0413
12/29/2016,1.049
12/30/2016,1.0517
1/2/2017,1.0455
1/3/2017,1.0405
1/4/2017,1.0489
1/5/2017,1.0607
1/6/2017,1.0532
1/9/2017,1.0574
1/10/2017,1.0554
1/11/2017,1.0582
1/12/2017,1.0613
1/13/2017,1.0643
1/16/2017,1.0601
1/17/2017,1.0713
1/18/2017,1.063
1/19/2017,1.0664
1/20/2017,1.0703
1/23/2017,1.0765
1/24/2017,1.0731
1/25/2017,1.0748
1/26/2017,1.0682
1/27/2017,1.0699
1/30/2017,1.0695
1/31/2017,1.0798
2/1/2017,1.0769
2/2/2017,1.0759
2/3/2017,1.0783
2/6/2017,1.075
2/7/2017,1.0683
2/8/2017,1.0698
2/9/2017,1.0655
2/10/2017,1.0643
2/13/2017,1.0598
2/14/2017,1.0578
2/15/2017,1.0601
2/16/2017,1.0674
2/17/2017,1.0616
2/20/2017,1.0614
2/21/2017,1.0536
2/22/2017,1.0558
2/23/2017,1.0582
2/24/2017,1.0563
2/27/2017,1.0587
2/28/2017,1.0576
3/1/2017,1.0547
3/2/2017,1.0507
3/3/2017,1.0622
3/6/2017,1.0582
3/7/2017,1.0566
3/8/2017,1.0541
3/9/2017,1.0577
3/10/2017,1.0673
3/13/2017,1.0653
3/14/2017,1.0604
3/15/2017,1.0734
3/16/2017,1.0766
3/17/2017,1.0738
3/20/2017,1.0739
3/21/2017,1.0811
3/22/2017,1.0797
3/23/2017,1.0783
3/24/2017,1.0798
3/27/2017,1.0864
3/28/2017,1.0814
3/29/2017,1.0766
3/30/2017,1.0674
3/31/2017,1.0652
4/3/2017,1.067
4/4/2017,1.0674
4/5/2017,1.0663
4/6/2017,1.0644
4/7/2017,1.0591
4/10/2017,1.0596
4/11/2017,1.0605
4/12/2017,1.0665
4/13/2017,1.0613
4/14/2017,1.0618
4/17/2017,1.0643
4/18/2017,1.073
4/19/2017,1.0711
4/20/2017,1.0717
4/21/2017,1.0728
4/24/2017,1.0868
4/25/2017,1.0926
4/26/2017,1.0904
4/27/2017,1.0873
4/28/2017,1.0895
5/1/2017,1.0899
5/2/2017,1.093
5/3/2017,1.0886
5/4/2017,1.0985
5/5/2017,1.0998
5/8/2017,1.0924
5/9/2017,1.0874
5/10/2017,1.0868
5/11/2017,1.0861
5/12/2017,1.0931
5/15/2017,1.0975
5/16/2017,1.1083
5/17/2017,1.1159
5/18/2017,1.1103
5/19/2017,1.1206
5/22/2017,1.1237
5/23/2017,1.1183
5/24/2017,1.1219
5/25/2017,1.121
5/26/2017,1.1183
5/29/2017,1.1164
5/30/2017,1.1186
5/31/2017,1.1244
6/1/2017,1.1213
6/2/2017,1.1279
6/5/2017,1.1254
6/6/2017,1.1277
6/7/2017,1.1257
6/8/2017,1.1214
6/9/2017,1.1195
6/12/2017,1.1203
6/13/2017,1.1211
6/14/2017,1.1218
6/15/2017,1.1145
6/16/2017,1.1198
6/19/2017,1.1149
6/20/2017,1.1134
6/21/2017,1.1168
6/22/2017,1.1152
6/23/2017,1.1194
6/26/2017,1.1182
6/27/2017,1.1339
6/28/2017,1.1378
6/29/2017,1.1441
6/30/2017,1.1426
7/3/2017,1.1364
7/4/2017,1.1346
7/5/2017,1.1352
7/6/2017,1.1423
7/7/2017,1.1401
7/10/2017,1.1399
7/11/2017,1.1467
7/12/2017,1.1412
7/13/2017,1.1398
7/14/2017,1.147
7/17/2017,1.1478
7/18/2017,1.1554
7/19/2017,1.1515
7/20/2017,1.1631
7/21/2017,1.1663
7/24/2017,1.1642
7/25/2017,1.1647
7/26/2017,1.1734
7/27/2017,1.1677
7/28/2017,1.1751
7/31/2017,1.1842
8/1/2017,1.1802
8/2/2017,1.1856
8/3/2017,1.187
8/4/2017,1.1773
8/7/2017,1.1795
8/8/2017,1.1752
8/9/2017,1.1759
8/10/2017,1.1772
8/11/2017,1.1821
8/14/2017,1.178
8/15/2017,1.1735
8/16/2017,1.1767
8/17/2017,1.1723
8/18/2017,1.1761
8/21/2017,1.1815
8/22/2017,1.1762
8/23/2017,1.1807
8/24/2017,1.1799
8/25/2017,1.1924
8/28/2017,1.1979
8/29/2017,1.1972
8/30/2017,1.1884
8/31/2017,1.191
9/1/2017,1.186
9/4/2017,1.1896
9/5/2017,1.1914
9/6/2017,1.1917
9/7/2017,1.2023
9/8/2017,1.2036
9/11/2017,1.1953
9/12/2017,1.1967
9/13/2017,1.1885
9/14/2017,1.1919
9/15/2017,1.1945
9/18/2017,1.1954
9/19/2017,1.1994
9/20/2017,1.1892
9/21/2017,1.1941
9/22/2017,1.1951
9/25/2017,1.1848
9/26/2017,1.1793
9/27/2017,1.1745
9/28/2017,1.1786
9/29/2017,1.1814
10/2/2017,1.1733
10/3/2017,1.1744
10/4/2017,1.1759
10/5/2017,1.1711
10/6/2017,1.173
10/9/2017,1.174
10/10/2017,1.1808
10/11/2017,1.1859
10/12/2017,1.183
10/13/2017,1.182
10/16/2017,1.1796
10/17/2017,1.1766
10/18/2017,1.1787
10/19/2017,1.1852
10/20/2017,1.1784
10/23/2017,1.1749
10/24/2017,1.1761
10/25/2017,1.1813
10/26/2017,1.1651
10/27/2017,1.1608
10/30/2017,1.1651
10/31/2017,1.1646
11/1/2017,1.1619
11/2/2017,1.1658
11/3/2017,1.1608
11/6/2017,1.161
11/7/2017,1.1587
11/8/2017,1.1595
11/9/2017,1.1642
11/10/2017,1.1665
11/13/2017,1.1667
11/14/2017,1.1798
11/15/2017,1.1791
11/16/2017,1.177
11/17/2017,1.179
11/20/2017,1.1733
11/21/2017,1.1738
11/22/2017,1.1822
11/23/2017,1.1851
11/24/2017,1.1933
11/27/2017,1.1898
11/28/2017,1.184
11/29/2017,1.1847
11/30/2017,1.1904
12/1/2017,1.1896
12/4/2017,1.1866
12/5/2017,1.1826
12/6/2017,1.1796
12/7/2017,1.1773
12/8/2017,1.1773
12/11/2017,1.1769
12/12/2017,1.1742
12/13/2017,1.1826
12/14/2017,1.1778
12/15/2017,1.1749
12/18/2017,1.1782
12/19/2017,1.184
12/20/2017,1.1871
12/21/2017,1.1874
12/22/2017,1.1862
12/25/2017,1.187
12/26/2017,1.1858
12/27/2017,1.1888
12/28/2017,1.1943
12/29/2017,1.2005
1/1/2018,1.2012
1/2/2018,1.2059
1/3/2018,1.2015
1/4/2018,1.2068
1/5/2018,1.2029
1/8/2018,1.1967
1/9/2018,1.1937
1/10/2018,1.1948
1/11/2018,1.2032
1/12/2018,1.2202
1/15/2018,1.2264
1/16/2018,1.226
1/17/2018,1.2186
1/18/2018,1.2238
1/19/2018,1.2222
1/22/2018,1.2262
1/23/2018,1.2299
1/24/2018,1.2408
1/25/2018,1.2396
1/26/2018,1.2427
1/29/2018,1.2383
1/30/2018,1.2402
1/31/2018,1.2414
2/1/2018,1.251
2/2/2018,1.2463
2/5/2018,1.2367
2/6/2018,1.2377
2/7/2018,1.2264
2/8/2018,1.2247
2/9/2018,1.2252
2/12/2018,1.2292
2/13/2018,1.2352
2/14/2018,1.2451
2/15/2018,1.2506
2/16/2018,1.2406
2/19/2018,1.2407
2/20/2018,1.2337
2/21/2018,1.2284
2/22/2018,1.233
2/23/2018,1.2297
2/24/2018,1.2297
2/25/2018,1.229
2/26/2018,1.232
2/27/2018,1.2232
2/28/2018,1.22
3/1/2018,1.2274
3/2/2018,1.232
3/3/2018,1.232
3/4/2018,1.232
3/5/2018,1.234
3/6/2018,1.2419
3/7/2018,1.2416
3/8/2018,1.2311
3/9/2018,1.2311
3/10/2018,1.2311
3/11/2018,1.2312
3/12/2018,1.2343
3/13/2018,1.2396
3/14/2018,1.2379
3/15/2018,1.2311
3/16/2018,1.23
3/17/2018,1.23
3/18/2018,1.2284
3/19/2018,1.234
3/20/2018,1.2252
3/21/2018,1.2352
3/22/2018,1.2329
3/23/2018,1.2362
3/24/2018,1.2362
3/25/2018,1.2358
3/26/2018,1.2461
3/27/2018,1.2413
3/28/2018,1.2315
3/29/2018,1.2306
3/30/2018,1.2327
3/31/2018,1.2327
4/1/2018,1.2317
4/2/2018,1.2297
4/3/2018,1.2282
4/4/2018,1.229
4/5/2018,1.2256
4/6/2018,1.2288
4/7/2018,1.2288
4/8/2018,1.2274
4/9/2018,1.2327
4/10/2018,1.2367
4/11/2018,1.2375
4/12/2018,1.2334
4/13/2018,1.2336
4/14/2018,1.2336
4/15/2018,1.2337
4/16/2018,1.2387
4/17/2018,1.2377
4/18/2018,1.2382
4/19/2018,1.2349
4/20/2018,1.2288
4/21/2018,1.2288
4/22/2018,1.2279
4/23/2018,1.2213
4/24/2018,1.2243
4/25/2018,1.2176
4/26/2018,1.2112
4/27/2018,1.2131
4/28/2018,1.2131
4/29/2018,1.2124
4/30/2018,1.2085
5/1/2018,1.1995
5/2/2018,1.1956
5/3/2018,1.1993
5/4/2018,1.1966
5/5/2018,1.1966
5/6/2018,1.196
5/7/2018,1.1942
5/8/2018,1.1871
5/9/2018,1.185
5/10/2018,1.1919
5/11/2018,1.1949
5/12/2018,1.1949
5/13/2018,1.1955
5/14/2018,1.1936
5/15/2018,1.1826
5/16/2018,1.1819
5/17/2018,1.1795
5/18/2018,1.1773
5/19/2018,1.1773
5/20/2018,1.177
5/21/2018,1.1794
5/22/2018,1.1791
5/23/2018,1.1712
5/24/2018,1.1726
5/25/2018,1.1666
5/26/2018,1.1666
5/27/2018,1.1692
5/28/2018,1.1629
5/29/2018,1.1542
5/30/2018,1.1669
5/31/2018,1.1696
6/1/2018,1.1666
6/2/2018,1.1666
6/3/2018,1.1671
6/4/2018,1.1704
6/5/2018,1.1729
6/6/2018,1.1786
6/7/2018,1.1797
6/8/2018,1.177
6/9/2018,1.177
6/10/2018,1.1784
6/11/2018,1.1778
6/12/2018,1.1751
6/13/2018,1.1808
6/14/2018,1.157
6/15/2018,1.1605
6/16/2018,1.1605
6/17/2018,1.1597
6/18/2018,1.1633
6/19/2018,1.1594
6/20/2018,1.1582
6/21/2018,1.1609
6/22/2018,1.1654
6/23/2018,1.1654
6/24/2018,1.1664
6/25/2018,1.1704
6/26/2018,1.1654
6/27/2018,1.1567
6/28/2018,1.1566
6/29/2018,1.169
6/30/2018,1.169
7/1/2018,1.1684
7/2/2018,1.1645
7/3/2018,1.166
7/4/2018,1.1665
7/5/2018,1.1696
7/6/2018,1.1759
7/7/2018,1.1759
7/8/2018,1.1755
7/9/2018,1.1759
7/10/2018,1.173
7/11/2018,1.1678
7/12/2018,1.1667
7/13/2018,1.1689
7/14/2018,1.1689
7/15/2018,1.1681
7/16/2018,1.1714
7/17/2018,1.1656
7/18/2018,1.1648
7/19/2018,1.1659
7/20/2018,1.1733
7/21/2018,1.1733
7/22/2018,1.1733
7/23/2018,1.1697
7/24/2018,1.1688
7/25/2018,1.1741
7/26/2018,1.1647
7/27/2018,1.1654
7/28/2018,1.1654
7/29/2018,1.166
7/30/2018,1.1707
7/31/2018,1.1689
8/1/2018,1.1663
8/2/2018,1.1585
8/3/2018,1.1583
8/4/2018,1.1583
8/5/2018,1.1562
8/6/2018,1.1559
8/7/2018,1.1603
8/8/2018,1.161
8/9/2018,1.1524
8/10/2018,1.1423
8/11/2018,1.1423
8/12/2018,1.1395
8/13/2018,1.1401
8/14/2018,1.1347
8/15/2018,1.1343
8/16/2018,1.1374
8/17/2018,1.1449
8/18/2018,1.1449
8/19/2018,1.1438
8/20/2018,1.1489
8/21/2018,1.1574
8/22/2018,1.1588
8/23/2018,1.1542
8/24/2018,1.1633
8/25/2018,1.1633
8/26/2018,1.1649
8/27/2018,1.1683
8/28/2018,1.1691
8/29/2018,1.1709
8/30/2018,1.1664
8/31/2018,1.1621
9/1/2018,1.1621
9/2/2018,1.16
9/3/2018,1.1615
9/4/2018,1.1586
9/5/2018,1.1635
9/6/2018,1.162
9/7/2018,1.1572
9/8/2018,1.1572
9/9/2018,1.1561
9/10/2018,1.1594
9/11/2018,1.1596
9/12/2018,1.1627
9/13/2018,1.1693
9/14/2018,1.1635
9/15/2018,1.1635
9/17/2018,1.1673
9/18/2018,1.1679
9/19/2018,1.1671
9/20/2018,1.1779
9/21/2018,1.1769
9/22/2018,1.1769
9/24/2018,1.1749
9/25/2018,1.1766
9/26/2018,1.1751
9/27/2018,1.1638
9/28/2018,1.1621
9/29/2018,1.1621
10/1/2018,1.1577
10/2/2018,1.155
10/3/2018,1.1487
10/4/2018,1.1516
10/5/2018,1.1534
10/6/2018,1.1534
10/8/2018,1.1493
10/9/2018,1.1496
10/10/2018,1.1533
10/11/2018,1.1593
10/12/2018,1.1575
10/13/2018,1.1575
10/15/2018,1.1584
10/16/2018,1.1575
10/17/2018,1.1501
10/18/2018,1.1455
10/19/2018,1.1531
10/20/2018,1.1531
10/22/2018,1.1467
10/23/2018,1.1472
10/24/2018,1.1399
10/25/2018,1.1375
10/26/2018,1.1424
10/27/2018,1.1424
10/29/2018,1.1373
10/30/2018,1.1343
10/31/2018,1.1317
11/1/2018,1.1405
11/2/2018,1.1389
11/3/2018,1.1389
11/5/2018,1.1411
11/6/2018,1.142
11/7/2018,1.1431
11/8/2018,1.1365
11/9/2018,1.1337
11/10/2018,1.1337
11/12/2018,1.1223
11/13/2018,1.1295
11/14/2018,1.1313
11/15/2018,1.1329
11/16/2018,1.1421
11/17/2018,1.1421
11/19/2018,1.1453
11/20/2018,1.1367
11/21/2018,1.1383
11/22/2018,1.1405
11/23/2018,1.1342
11/24/2018,1.1342
11/26/2018,1.1331
11/27/2018,1.1294
11/28/2018,1.1368
11/29/2018,1.1388
11/30/2018,1.1318
12/1/2018,1.1318
12/3/2018,1.1353
12/4/2018,1.1341
12/5/2018,1.1347
12/6/2018,1.1377
12/7/2018,1.1382
12/8/2018,1.1382
12/10/2018,1.1353
12/11/2018,1.1319
12/12/2018,1.1371
12/13/2018,1.1358
12/14/2018,1.1309
12/15/2018,1.1309
12/17/2018,1.1348
12/18/2018,1.1369
12/19/2018,1.138
12/20/2018,1.1451
12/21/2018,1.1383
12/22/2018,1.1383
12/24/2018,1.1399
12/25/2018,1.1402
12/26/2018,1.1356
12/27/2018,1.1429
12/28/2018,1.1438
12/29/2018,1.1438
12/31/2018,1.1482
1/1/2019,1.1465
1/2/2019,1.1338
1/3/2019,1.1394
1/4/2019,1.1396
1/5/2019,1.1396
1/7/2019,1.1476
1/8/2019,1.144
1/9/2019,1.1546
1/10/2019,1.1499
1/11/2019,1.147
1/12/2019,1.147
1/14/2019,1.1468
1/15/2019,1.1406
1/16/2019,1.1396
1/17/2019,1.1388
1/18/2019,1.1372
1/19/2019,1.1372
1/21/2019,1.137
1/22/2019,1.1362
1/23/2019,1.1379
1/24/2019,1.1307
1/25/2019,1.14
1/26/2019,1.14
1/28/2019,1.1428
1/29/2019,1.1435
1/30/2019,1.1482
1/31/2019,1.1446
2/1/2019,1.1457
2/2/2019,1.1457
2/4/2019,1.1436
2/5/2019,1.1406
2/6/2019,1.1364
2/7/2019,1.1343
2/8/2019,1.1335
2/9/2019,1.1335
2/11/2019,1.1276
2/12/2019,1.1329
2/13/2019,1.1255
2/14/2019,1.1296
2/15/2019,1.1296
2/16/2019,1.1296
2/18/2019,1.131
2/19/2019,1.1338
2/20/2019,1.1345
2/21/2019,1.1339
2/22/2019,1.1342
2/23/2019,1.1342
2/25/2019,1.1358
2/26/2019,1.1392
2/27/2019,1.1372
2/28/2019,1.1369
3/1/2019,1.1378
3/2/2019,1.1378
3/4/2019,1.1339
3/5/2019,1.1301
3/6/2019,1.1308
3/7/2019,1.1192
3/8/2019,1.1239
3/9/2019,1.1239
3/11/2019,1.1264
3/12/2019,1.129
3/13/2019,1.1336
3/14/2019,1.1307
3/15/2019,1.1344
3/16/2019,1.1344
3/18/2019,1.1335
3/19/2019,1.1353
3/20/2019,1.1423
3/21/2019,1.1377
3/22/2019,1.132
3/23/2019,1.132
3/25/2019,1.1315
3/26/2019,1.1275
3/27/2019,1.125
3/28/2019,1.1229
3/29/2019,1.1232
3/30/2019,1.1232
4/1/2019,1.1209
4/2/2019,1.1204
4/3/2019,1.1242
4/4/2019,1.1223
4/5/2019,1.1233
4/6/2019,1.1233
4/8/2019,1.1257
4/9/2019,1.1266
4/10/2019,1.1276
4/11/2019,1.126
4/12/2019,1.132
4/13/2019,1.132
4/15/2019,1.1303
4/16/2019,1.1281
4/17/2019,1.1299
4/18/2019,1.1236
4/19/2019,1.1247
4/20/2019,1.1247
4/22/2019,1.1259
4/23/2019,1.1222
4/24/2019,1.1159
4/25/2019,1.1137
4/26/2019,1.1163
4/27/2019,1.1163
4/29/2019,1.1186
4/30/2019,1.1212
5/1/2019,1.1203
5/2/2019,1.1175
5/3/2019,1.1212
5/4/2019,1.1212
5/6/2019,1.1201
5/7/2019,1.1193
5/8/2019,1.1199
5/9/2019,1.122
5/10/2019,1.1236
5/11/2019,1.1236
5/13/2019,1.1232
5/14/2019,1.1207
5/15/2019,1.1207
5/16/2019,1.1173
5/17/2019,1.1167
5/18/2019,1.1167
5/20/2019,1.1168
5/21/2019,1.1164
5/22/2019,1.1158
5/23/2019,1.1182
5/24/2019,1.1206
5/25/2019,1.1206
5/27/2019,1.1193
5/28/2019,1.1165
5/29/2019,1.1137
5/30/2019,1.1132
5/31/2019,1.1198
6/1/2019,1.1198
6/3/2019,1.1245
6/4/2019,1.1253
6/5/2019,1.1228
6/6/2019,1.1279
6/7/2019,1.1342
6/8/2019,1.1342
6/10/2019,1.1314
6/11/2019,1.1328
6/12/2019,1.1293
6/13/2019,1.1279
6/14/2019,1.1237
6/15/2019,1.1237
6/17/2019,1.1222
6/18/2019,1.1196
6/19/2019,1.1236
6/20/2019,1.1293
6/21/2019,1.1396
6/22/2019,1.1396
6/24/2019,1.1399
6/25/2019,1.1366
6/26/2019,1.1374
6/27/2019,1.1369
6/28/2019,1.1389
6/29/2019,1.1389
7/2/2019,1.1289
7/3/2019,1.1288
7/4/2019,1.1288
7/5/2019,1.1235
7/6/2019,1.1232
7/8/2019,1.1217
7/9/2019,1.1207
7/10/2019,1.126
7/11/2019,1.1257
7/12/2019,1.1288
7/13/2019,1.1288
7/15/2019,1.1262
7/16/2019,1.1211
7/17/2019,1.1227
7/18/2019,1.1249
7/19/2019,1.1233
7/20/2019,1.1233
7/22/2019,1.121
7/23/2019,1.1153
7/24/2019,1.1143
7/25/2019,1.1147
7/26/2019,1.1148
7/27/2019,1.1148
7/29/2019,1.1147
7/30/2019,1.1158
7/31/2019,1.1078
8/1/2019,1.1078
8/2/2019,1.113
8/3/2019,1.113
8/5/2019,1.1225
8/6/2019,1.1202
8/7/2019,1.1206
8/8/2019,1.1187
8/9/2019,1.1312
8/10/2019,1.1312
8/12/2019,1.1216
8/13/2019,1.1174
8/14/2019,1.1144
8/15/2019,1.111
8/16/2019,1.1094
8/17/2019,1.1094
8/19/2019,1.1082
8/20/2019,1.1099
8/21/2019,1.1093
8/22/2019,1.1083
8/23/2019,1.1241
8/24/2019,1.1241
8/26/2019,1.1101
8/27/2019,1.1091
8/28/2019,1.1084
8/29/2019,1.1058
8/30/2019,1.101
8/31/2019,1.101
9/2/2019,1.0967
9/3/2019,1.0971
9/4/2019,1.1035
9/5/2019,1.1036
9/6/2019,1.1133
9/7/2019,1.1133
9/9/2019,1.1049
9/10/2019,1.105
9/11/2019,1.101
9/12/2019,1.106
9/13/2019,1.1156
9/14/2019,1.1156
9/16/2019,1.1006
9/17/2019,1.1072
9/18/2019,1.1031
9/19/2019,1.1046
9/20/2019,1.1015
9/21/2019,1.1015
